id,breed_1,breed_2,breed_3,breed_4
1,0.27,0,0,0.73
2,0.78,0,0,0.22
3,0.34,0.11,0,0.55
4,0.46,0,0,0.54
5,0.08,0.9,0,0.02
6,0.28,0,0.72,0
7,0.22,0,0,0.78
8,0.03,0,0.97,0
9,0.12,0.86,0.01,0
10,0.91,0,0.09,0
11,1,0,0,0
12,0.02,0,0.98,0
13,0.01,0,0.99,0
14,0.97,0,0.03,0
15,0.85,0,0.01,0.14
16,0.05,0.94,0.02,0
17,0.93,0,0,0.07
18,0.05,0.94,0,0.01
19,1,0,0,0
20,0.03,0.96,0.01,0
21,0.02,0,0.98,0
22,0.97,0,0.01,0.02
23,1,0,0,0
24,0.06,0,0,0.94
25,0.03,0.97,0,0
26,0.04,0,0,0.96
27,0.23,0,0,0.77
28,0.82,0.09,0.04,0.05
29,1,0,0,0
30,0.99,0,0,0
31,1,0,0,0
32,0.04,0.95,0.01,0
33,0.08,0.91,0,0
34,0.09,0,0,0.91
35,0.02,0,0.98,0
36,0.35,0,0.65,0
37,0.8,0,0.2,0
38,1,0,0,0
39,1,0,0,0
40,0.92,0,0,0.08
41,0.21,0,0,0.79
42,0.89,0,0.1,0.01
43,0.15,0,0,0.85
44,0.07,0.91,0,0.02
45,1,0,0,0
46,0.41,0,0.59,0
47,0.98,0,0,0.01
48,1,0,0,0
49,0.18,0,0,0.82
50,0.01,0,0.99,0
51,0.19,0,0,0.81
52,1,0,0,0
53,1,0,0,0
54,1,0,0,0
55,1,0,0,0
56,1,0,0,0
57,1,0,0,0
58,0.97,0,0,0.03
59,1,0,0,0
60,0.99,0,0.01,0
61,1,0,0,0
62,1,0,0,0
63,0.99,0,0,0
64,0.01,0,0.99,0
65,1,0,0,0
66,1,0,0,0
67,0.08,0.89,0,0.03
68,0.02,0,0.98,0
69,1,0,0,0
70,1,0,0,0
71,0.95,0,0,0.05
72,1,0,0,0
73,0.08,0,0,0.92
74,1,0,0,0
75,0.75,0,0.25,0
76,0.16,0,0,0.84
77,0.31,0,0,0.69
78,0.99,0,0.01,0
79,0.98,0,0.02,0.01
80,0.98,0,0,0.02
81,0.24,0,0.76,0
82,0.98,0,0,0.02
83,0.07,0,0,0.93
84,1,0,0,0
85,0.97,0,0.03,0
86,1,0,0,0
87,1,0,0,0
88,0.99,0,0.01,0
89,0.03,0,0,0.97
90,0.07,0,0,0.93
91,0.47,0,0,0.53
92,0.02,0,0.98,0
93,1,0,0,0
94,1,0,0,0
95,0.8,0,0,0.2
96,1,0,0,0
97,1,0,0,0
98,1,0,0,0
99,1,0,0,0
100,1,0,0,0
101,0.75,0,0.25,0
102,0.2,0,0.8,0
103,0.85,0.05,0.03,0.07
104,1,0,0,0
105,0.96,0,0.03,0
106,0.55,0,0.45,0
107,0.59,0,0.41,0
108,0.09,0,0,0.91
109,0.02,0.97,0,0
110,0.04,0,0,0.96
111,1,0,0,0
112,0.77,0.14,0.03,0.06
113,0.04,0,0,0.96
114,0.07,0,0,0.93
115,0.86,0.04,0.09,0.01
116,0.97,0,0,0.03
117,0.35,0,0.65,0
118,1,0,0,0
119,1,0,0,0
120,0.03,0,0,0.97
121,0.46,0,0,0.54
122,0.03,0.96,0.01,0
123,0.99,0,0.01,0
124,1,0,0,0
125,0.1,0,0,0.9
126,1,0,0,0
127,1,0,0,0
128,0.84,0,0.16,0
129,0.93,0,0,0.07
130,0.27,0,0,0.73
131,0.62,0,0.38,0
132,0.94,0,0.01,0.05
133,0.3,0.02,0,0.68
134,1,0,0,0
135,0.09,0.89,0,0.02
136,0.99,0,0.01,0
137,0.73,0.18,0.04,0.05
138,1,0,0,0
139,0.15,0,0,0.85
140,0.81,0,0,0.19
141,0.02,0,0.98,0
142,0.99,0,0,0.01
143,0.98,0,0.02,0
144,0.99,0,0.01,0
145,1,0,0,0
146,0.28,0,0.72,0
147,0.1,0.85,0,0.05
148,0.01,0,0.99,0
149,0.99,0,0,0.01
150,0.14,0,0,0.86
151,0.32,0,0,0.68
152,0.04,0.94,0.02,0
153,1,0,0,0
154,0.03,0,0.97,0
155,0.94,0,0.05,0.01
156,1,0,0,0
157,0.12,0,0,0.88
158,0.98,0,0.02,0
159,0.96,0,0.01,0.03
160,0.28,0,0,0.72
161,0.99,0,0.01,0
162,0.73,0,0.27,0
163,1,0,0,0
164,0.03,0,0,0.97
165,0.03,0.96,0,0
166,0.03,0.95,0.01,0
167,0.02,0,0.98,0
168,0.29,0,0.71,0
169,1,0,0,0
170,1,0,0,0
171,0.04,0,0,0.96
172,0.04,0,0,0.96
173,0.99,0,0.01,0
174,0.05,0.94,0.01,0
175,0.98,0,0.02,0
176,0.08,0,0,0.92
177,0.83,0,0,0.17
178,1,0,0,0
179,0.09,0.85,0.07,0
180,1,0,0,0
181,0.34,0,0,0.66
182,0.04,0,0,0.96
183,1,0,0,0
184,0.87,0,0.13,0
185,0.25,0,0,0.75
186,0.95,0,0.01,0.04
187,0.16,0.8,0,0.03
188,1,0,0,0
189,0.34,0,0.66,0
190,0.03,0,0,0.97
191,1,0,0,0
192,1,0,0,0
193,0.02,0,0.98,0
194,1,0,0,0
195,1,0,0,0
196,0.99,0,0.01,0
197,0.01,0,0.99,0
198,0.99,0,0.01,0
199,0.12,0.8,0,0.08
200,0.85,0,0,0.15
201,0.03,0,0.97,0
202,0.92,0,0.02,0.06
203,0.03,0,0,0.97
204,0.84,0,0,0.16
205,0.98,0,0.02,0
206,0.22,0,0.78,0
207,0.02,0,0.98,0
208,0.98,0,0.02,0
209,0.05,0,0,0.95
210,1,0,0,0
211,0.03,0,0.97,0
212,1,0,0,0
213,0.76,0,0,0.24
214,1,0,0,0
215,0.02,0,0.98,0
216,0.67,0,0.33,0
217,0.03,0.96,0.01,0
218,0.88,0,0,0.12
219,0.04,0,0,0.96
220,0.86,0,0.01,0.14
221,0.03,0.97,0.01,0
222,0.99,0,0.01,0
223,0.03,0,0,0.97
224,0.58,0,0,0.42
225,0.98,0,0,0.01
226,1,0,0,0
227,0.02,0,0.98,0
228,0.99,0,0,0.01
229,0.02,0.98,0,0
230,0.32,0,0.68,0
231,0.04,0.95,0.01,0
232,1,0,0,0
233,0.3,0,0,0.7
234,1,0,0,0
235,1,0,0,0
236,1,0,0,0
237,1,0,0,0
238,0.97,0,0.01,0.02
239,1,0,0,0
240,0.24,0,0,0.76
241,0.95,0,0.01,0.04
242,0.53,0,0.47,0
243,1,0,0,0
244,0.03,0,0,0.97
245,1,0,0,0
246,0.02,0,0.98,0
247,0.98,0,0,0.02
248,0.98,0,0.01,0.01
249,1,0,0,0
250,0.01,0,0.99,0
251,1,0,0,0
252,0.41,0,0.59,0
253,0.05,0,0,0.95
254,0.98,0,0.02,0
255,1,0,0,0
256,0.99,0,0,0.01
257,0.01,0,0.99,0
258,0.13,0,0,0.87
259,0.02,0,0.98,0
260,0.87,0.04,0.07,0.02
261,0.23,0,0.77,0
262,0.66,0.25,0.02,0.08
263,0.35,0,0,0.65
264,1,0,0,0
265,0.93,0,0.05,0.02
266,0.61,0,0.39,0
267,0.98,0,0.01,0.01
268,0.07,0.91,0,0.02
269,0.02,0,0.98,0
270,1,0,0,0
271,1,0,0,0
272,0.92,0,0.08,0
273,0.81,0,0,0.19
274,0.91,0,0.01,0.08
275,0.34,0.08,0,0.57
276,1,0,0,0
277,0.15,0,0,0.85
278,0.2,0.6,0,0.2
279,0.88,0,0.12,0
280,0.04,0,0,0.96
281,0.07,0,0,0.93
282,0.03,0,0.97,0
283,0.97,0,0.03,0
284,1,0,0,0
285,0.01,0,0.99,0
286,1,0,0,0
287,1,0,0,0
288,0.92,0,0.07,0.01
289,0.89,0,0.11,0
290,0.45,0,0.55,0
291,0.9,0,0.1,0
292,0.29,0,0,0.71
293,0.07,0,0,0.93
294,0.05,0.94,0,0
295,0.14,0,0.86,0
296,1,0,0,0
297,1,0,0,0
298,0.92,0,0.01,0.06
299,1,0,0,0
300,0.08,0,0,0.92
301,0.11,0.87,0.01,0
302,0.03,0,0,0.97
303,0.12,0,0,0.88
304,1,0,0,0
305,0.2,0.77,0.01,0.01
306,0.02,0,0.98,0
307,1,0,0,0
308,0.98,0,0.02,0
309,0.21,0,0,0.79
310,0.93,0,0,0.07
311,0.02,0,0.98,0
312,0.05,0,0,0.95
313,0.13,0.79,0,0.08
314,1,0,0,0
315,0.81,0,0,0.19
316,0.84,0,0.16,0
317,0.06,0.93,0,0.01
318,1,0,0,0
319,0.31,0,0,0.69
320,0.03,0,0,0.97
321,0.27,0,0.73,0
322,0.02,0,0.98,0
323,1,0,0,0
324,0.8,0,0,0.2
325,0.28,0,0,0.71
326,0.54,0,0.46,0
327,1,0,0,0
328,0.91,0,0.09,0
329,0.08,0,0,0.92
330,0.98,0,0.02,0
331,0.32,0,0,0.68
332,1,0,0,0
333,0.88,0.03,0.04,0.05
334,1,0,0,0
335,1,0,0,0
336,0.1,0,0,0.9
337,0.42,0,0.58,0
338,1,0,0,0
339,0.05,0,0,0.95
340,0.01,0,0.99,0
341,0.04,0,0,0.96
342,1,0,0,0
343,0.82,0,0.18,0
344,0.15,0,0.85,0
345,0.06,0,0,0.94
346,0.03,0,0,0.97
347,0.99,0,0.01,0
348,0.88,0,0.12,0
349,0.03,0.96,0,0
350,0.09,0,0,0.91
351,1,0,0,0
352,0.99,0,0.01,0
353,0.11,0,0,0.89
354,0.04,0,0,0.96
355,1,0,0,0
356,0.03,0,0.97,0
357,0.04,0.96,0,0
358,1,0,0,0
359,1,0,0,0
360,0.01,0,0.99,0
361,0.92,0,0.08,0
362,1,0,0,0
363,0.96,0,0.01,0.04
364,1,0,0,0
365,0.76,0,0.24,0
366,1,0,0,0
367,0.81,0,0.19,0
368,1,0,0,0
369,0.03,0,0,0.97
370,1,0,0,0
371,0.03,0,0,0.97
372,1,0,0,0
373,1,0,0,0
374,0.93,0,0.02,0.05
375,0.94,0,0.01,0.05
376,0.94,0,0.03,0.03
377,0.31,0,0,0.69
378,1,0,0,0
379,0.02,0,0.98,0
380,0.98,0,0.01,0.01
381,0.14,0,0,0.86
382,0.01,0,0.99,0
383,0.68,0,0.32,0
384,0.5,0,0.5,0
385,0.51,0,0.49,0
386,1,0,0,0
387,0.99,0,0.01,0
388,0.97,0,0.03,0
389,0.13,0,0,0.87
390,0.33,0.09,0,0.58
391,0.15,0,0,0.85
392,0.57,0,0.43,0
393,0.01,0,0.99,0
394,0.03,0.97,0,0
395,1,0,0,0
396,0.99,0,0.01,0
397,0.14,0,0,0.86
398,1,0,0,0
399,1,0,0,0
400,0.08,0.89,0,0.03
401,0.04,0,0,0.96
402,0.99,0,0.01,0
403,1,0,0,0
404,0.11,0.87,0,0.01
405,0.91,0,0.01,0.08
406,0.71,0,0.29,0
407,1,0,0,0
408,0.06,0,0,0.94
409,0.83,0,0.17,0
410,0.03,0,0.97,0
411,0.05,0,0,0.95
412,0.98,0,0.02,0
413,0.99,0,0.01,0
414,0.5,0,0.49,0
415,0.64,0.21,0.01,0.13
416,1,0,0,0
417,0.05,0,0,0.95
418,0.99,0,0.01,0
419,0.04,0.96,0,0
420,0.25,0,0,0.75
421,1,0,0,0
422,0.5,0,0,0.5
423,0.99,0,0.01,0
424,0.04,0.94,0.02,0
425,0.35,0,0.65,0
426,1,0,0,0
427,0.86,0,0.14,0
428,0.2,0,0,0.8
429,0.18,0,0,0.82
430,0.02,0,0.98,0
431,0.38,0,0,0.62
432,0.98,0,0,0.01
433,0.06,0.91,0.03,0
434,0.99,0,0,0.01
435,0.11,0,0,0.89
436,0.09,0.85,0.05,0
437,1,0,0,0
438,0.32,0,0.68,0
439,1,0,0,0
440,0.76,0,0,0.24
441,1,0,0,0
442,0.99,0,0.01,0
443,0.36,0,0.64,0
444,0.99,0,0.01,0
445,0.12,0,0,0.88
446,0.78,0,0,0.22
447,0.09,0,0,0.91
448,1,0,0,0
449,0.47,0,0.53,0
450,0.67,0,0.33,0
451,0.82,0,0,0.18
452,1,0,0,0
453,0.71,0,0,0.29
454,0.93,0,0.06,0.01
455,1,0,0,0
456,0.27,0,0.73,0
457,0.03,0,0.97,0
458,0.05,0,0,0.95
459,1,0,0,0
460,0.1,0,0,0.9
461,0.03,0,0,0.97
462,1,0,0,0
463,0.04,0,0,0.96
464,0.26,0,0,0.74
465,0.4,0.06,0,0.54
466,1,0,0,0
467,1,0,0,0
468,0.72,0,0,0.27
469,0.06,0.88,0.05,0
470,0.97,0,0.03,0
471,0.99,0,0,0.01
472,0.98,0,0.02,0
473,0.03,0,0,0.97
474,0.48,0,0.52,0
475,0.51,0,0,0.49
476,0.45,0,0,0.55
477,0.79,0.11,0.03,0.07
478,0.22,0,0.78,0
479,0.99,0,0,0.01
480,1,0,0,0
481,0.13,0.85,0,0.02
482,0.38,0,0,0.62
483,0.99,0,0,0.01
484,0.98,0,0.02,0
485,0.96,0,0.04,0
486,0.09,0,0,0.91
487,1,0,0,0
488,0.2,0,0,0.8
489,0.01,0,0.99,0
490,0.45,0,0.55,0
491,0.84,0.08,0.05,0.03
492,0.01,0,0.99,0
493,0.53,0,0.47,0
494,1,0,0,0
495,0.87,0.03,0.03,0.07
496,0.82,0,0.18,0
497,0.01,0,0.99,0
498,1,0,0,0
499,0.24,0,0,0.76
500,1,0,0,0
501,0.03,0,0.97,0
502,0.08,0,0,0.92
503,0.03,0,0,0.97
504,0.98,0,0.02,0
505,0.35,0,0.65,0
506,0.22,0,0,0.78
507,0.81,0,0.19,0
508,0.34,0,0,0.65
509,1,0,0,0
510,1,0,0,0
511,0.02,0.97,0,0
512,0.9,0,0.09,0.01
513,0.07,0,0,0.93
514,0.04,0.95,0.02,0
515,0.88,0,0,0.12
516,0.1,0.89,0.01,0
517,1,0,0,0
518,0.01,0,0.99,0
519,0.19,0,0.81,0
520,0.16,0,0.84,0
521,0.31,0,0,0.69
522,0.16,0.81,0,0.03
523,0.25,0.02,0,0.73
524,0.45,0,0.55,0
525,0.33,0,0.67,0
526,0.99,0,0,0.01
527,1,0,0,0
528,0.8,0,0.2,0
529,1,0,0,0
530,0.99,0,0,0.01
531,1,0,0,0
532,0.03,0,0,0.97
533,1,0,0,0
534,0.24,0,0.76,0
535,0.01,0,0.99,0
536,0.99,0,0,0.01
537,0.01,0,0.99,0
538,0.15,0,0,0.85
539,0.85,0,0.15,0
540,0.07,0,0,0.93
541,0.09,0.9,0,0.01
542,0.02,0,0.98,0
543,0.99,0,0.01,0
544,0.3,0,0.7,0
545,0.23,0,0,0.77
546,0.19,0,0,0.81
547,1,0,0,0
548,1,0,0,0
549,1,0,0,0
550,0.03,0,0,0.97
551,1,0,0,0
552,0.96,0,0.02,0.02
553,1,0,0,0
554,1,0,0,0
555,0.07,0,0,0.93
556,1,0,0,0
557,0.69,0,0.31,0
558,0.67,0.21,0.02,0.1
559,1,0,0,0
560,0.99,0,0.01,0
561,0.18,0,0,0.82
562,1,0,0,0
563,1,0,0,0
564,0.07,0,0,0.93
565,0.05,0,0,0.95
566,0.12,0,0,0.88
567,0.1,0.88,0,0.02
568,0.03,0,0,0.97
569,1,0,0,0
570,0.97,0,0.03,0
571,0.05,0,0,0.95
572,0.98,0,0.01,0.01
573,1,0,0,0
574,1,0,0,0
575,0.18,0,0.82,0
576,0.1,0,0,0.9
577,0.33,0,0.67,0
578,0.98,0,0,0.02
579,0.98,0,0.02,0
580,1,0,0,0
581,0.04,0,0,0.96
582,1,0,0,0
583,0.81,0,0,0.19
584,1,0,0,0
585,0.99,0,0.01,0
586,0.01,0,0.98,0
587,0.99,0,0.01,0
588,0.04,0,0,0.96
589,0.85,0,0,0.15
590,0.29,0,0,0.71
591,0.03,0,0,0.97
592,0.27,0,0,0.73
593,1,0,0,0
594,0.75,0,0.25,0
595,1,0,0,0
596,0.73,0,0.27,0
597,1,0,0,0
598,0.01,0,0.99,0
599,0.98,0,0.01,0.01
600,0.86,0,0.14,0
601,0.01,0,0.99,0
602,0.98,0,0.02,0
603,0.35,0,0,0.65
604,0.04,0,0,0.96
605,0.81,0,0.19,0
606,0.88,0,0.12,0
607,0.28,0,0.72,0
608,0.23,0,0.77,0
609,0.04,0,0,0.96
610,0.35,0.09,0,0.56
611,0.98,0,0.02,0
612,0.03,0.96,0.01,0
613,0.96,0,0.02,0.02
614,0.96,0,0,0.04
615,0.02,0,0.98,0
616,0.99,0,0.01,0
617,0.03,0.96,0.01,0
618,0.08,0.91,0,0.01
619,0.2,0,0,0.8
620,0.04,0,0,0.96
621,1,0,0,0
622,0.13,0,0,0.87
623,0.04,0,0,0.96
624,0.01,0,0.99,0
625,0.86,0.04,0.03,0.07
626,0.08,0.86,0.06,0
627,0.91,0,0.09,0
628,0.98,0,0.02,0
629,1,0,0,0
630,0.99,0,0.01,0
631,0.99,0,0.01,0
632,0.03,0.96,0.01,0
633,0.04,0,0,0.96
634,0.2,0.6,0,0.2
635,0.57,0,0.43,0
636,1,0,0,0
637,0.03,0,0,0.97
638,0.89,0,0.11,0
639,0.83,0,0,0.17
640,0.01,0,0.99,0
641,0.02,0,0.98,0
642,0.9,0,0.1,0
643,0.36,0,0.64,0
644,0.07,0.91,0.03,0
645,0.39,0,0,0.61
646,0.83,0,0.17,0
647,0.69,0,0.31,0
648,1,0,0,0
649,0.08,0,0,0.92
650,0.83,0,0.17,0
651,0.71,0.07,0.01,0.21
652,0.07,0,0,0.93
653,0.23,0,0.77,0
654,0.34,0,0.66,0
655,0.59,0,0.41,0
656,1,0,0,0
657,0.03,0,0.97,0
658,1,0,0,0
659,1,0,0,0
660,0.24,0,0,0.76
661,0.54,0,0.46,0
662,1,0,0,0
663,0.06,0.92,0,0.02
664,0.02,0.97,0,0
665,1,0,0,0
666,0.79,0,0.21,0
667,0.01,0,0.99,0
668,0.99,0,0.01,0
669,0.03,0,0,0.97
670,0.98,0,0,0.02
671,1,0,0,0
672,0.99,0,0.01,0
673,0.22,0,0,0.78
674,1,0,0,0
675,1,0,0,0
676,1,0,0,0
677,0.99,0,0.01,0
678,0.25,0,0.75,0
679,0.02,0,0.98,0
680,1,0,0,0
681,0.04,0,0,0.96
682,0.89,0,0.01,0.1
683,0.09,0,0,0.91
684,0.05,0.94,0.01,0
685,0.05,0,0,0.95
686,0.09,0,0,0.91
687,1,0,0,0
688,0.99,0,0.01,0
689,0.05,0,0,0.95
690,0.3,0,0,0.7
691,0.98,0,0.02,0
692,0.28,0,0,0.72
693,0.9,0,0.1,0
694,1,0,0,0
695,0.4,0,0,0.6
696,1,0,0,0
697,0.99,0,0,0
698,0.01,0,0.99,0
699,0.08,0,0,0.92
700,0.09,0,0,0.91
701,0.07,0,0,0.93
702,0.07,0,0,0.93
703,0.93,0,0.06,0.01
704,0.99,0,0.01,0
705,0.02,0.97,0,0
706,1,0,0,0
707,0.74,0,0.26,0
708,0.11,0.88,0.01,0
709,0.75,0,0,0.25
710,0.99,0,0,0.01
711,0.4,0.09,0,0.51
712,0.02,0,0.98,0
713,0.11,0,0,0.89
714,1,0,0,0
715,1,0,0,0
716,1,0,0,0
717,0.01,0,0.99,0
718,0.65,0,0.35,0
719,0.57,0,0,0.42
720,0.04,0,0,0.96
721,1,0,0,0
722,1,0,0,0
723,0.03,0.97,0,0
724,0.02,0,0.98,0
725,0.99,0,0,0.01
726,1,0,0,0
727,0.02,0,0.98,0
728,1,0,0,0
729,0.88,0,0.12,0
730,0.41,0,0.59,0
731,0.07,0,0,0.93
732,0.96,0,0.02,0.02
733,1,0,0,0
734,0.04,0,0,0.96
735,0.08,0,0,0.92
736,0.01,0,0.99,0
737,0.8,0,0.2,0
738,0.99,0,0,0.01
739,0.08,0,0,0.92
740,0.97,0,0.01,0.02
741,0.04,0,0,0.96
742,0.32,0,0.68,0
743,0.02,0,0.98,0
744,0.36,0,0.64,0
745,1,0,0,0
746,0.95,0,0.04,0.01
747,0.78,0,0.22,0
748,1,0,0,0
749,0.99,0,0,0.01
750,0.97,0,0,0.03
751,0.34,0,0,0.66
752,0.99,0,0,0.01
753,0.46,0,0,0.54
754,0.63,0,0.37,0
755,0.25,0,0.75,0
756,0.25,0,0,0.75
757,0.04,0,0,0.96
758,0.99,0,0.01,0
759,0.84,0.03,0.02,0.12
760,0.72,0,0,0.28
761,0.04,0,0,0.96
762,0.59,0,0.41,0
763,0.17,0,0,0.83
764,0.08,0.9,0,0.02
765,0.08,0,0,0.92
766,0.03,0,0,0.97
767,1,0,0,0
768,0.02,0,0.98,0
769,0.08,0,0,0.92
770,0.14,0,0,0.86
771,0.24,0,0,0.76
772,1,0,0,0
773,0.99,0,0.01,0
774,0.1,0.88,0.01,0
775,0.99,0,0,0.01
776,0.25,0,0.75,0
777,0.05,0,0,0.95
778,0.25,0,0,0.75
779,0.98,0,0.02,0
780,0.07,0,0,0.93
781,1,0,0,0
782,0.99,0,0.01,0
783,0.96,0,0.03,0.01
784,0.1,0.89,0.01,0
785,0.99,0,0.01,0
786,0.08,0.91,0,0.01
787,0.14,0.85,0.01,0.01
788,1,0,0,0
789,0.05,0,0,0.95
790,0.99,0,0,0.01
791,1,0,0,0
792,0.56,0,0.44,0
793,0.03,0.96,0.01,0
794,1,0,0,0
795,0.03,0.97,0,0
796,0.95,0,0,0.05
797,0.03,0,0,0.97
798,0.02,0,0.98,0
799,0.99,0,0,0.01
800,0.01,0,0.99,0
801,1,0,0,0
802,0.85,0,0.15,0
803,0.99,0,0,0
804,1,0,0,0
805,1,0,0,0
806,1,0,0,0
807,0.09,0,0,0.91
808,0.28,0,0.72,0
809,0.34,0,0.66,0
810,0.98,0,0,0.01
811,0.8,0.11,0.07,0.02
812,1,0,0,0
813,0.26,0,0,0.74
814,1,0,0,0
815,1,0,0,0
816,0.98,0,0.02,0
817,0.7,0.2,0.03,0.07
818,0.81,0.08,0.02,0.09
819,0.04,0.95,0.01,0
820,0.38,0.06,0,0.55
821,0.05,0,0,0.95
822,0.99,0,0,0.01
823,0.08,0,0,0.92
824,0.07,0,0,0.93
825,0.85,0,0.15,0
826,1,0,0,0
827,1,0,0,0
828,0.71,0,0,0.29
829,0.99,0,0.01,0
830,0.99,0,0.01,0
831,0.03,0,0,0.97
832,0.12,0,0,0.88
833,0.03,0,0,0.97
834,0.91,0,0.09,0
835,0.23,0.74,0.02,0.01
836,1,0,0,0
837,0.87,0.03,0.03,0.08
838,0.99,0,0.01,0
839,0.01,0,0.99,0
840,0.05,0.94,0,0.01
841,0.12,0.86,0.01,0.01
842,1,0,0,0
843,0.44,0,0,0.56
844,0.03,0.95,0.01,0
845,0.34,0,0.66,0
846,1,0,0,0
847,0.02,0,0.98,0
848,0.99,0,0,0
849,1,0,0,0
850,1,0,0,0
851,0.32,0,0.68,0
852,0.13,0.85,0.01,0
853,0.12,0.79,0,0.08
854,0.53,0,0.47,0
855,0.03,0,0,0.97
856,0.99,0,0.01,0
857,0.99,0,0.01,0
858,0.2,0,0.8,0
859,1,0,0,0
860,0.99,0,0,0.01
861,1,0,0,0
862,0.22,0,0,0.78
863,0.93,0,0.06,0.01
864,1,0,0,0
865,0.99,0,0.01,0
866,0.95,0,0.01,0.04
867,0.99,0,0.01,0
868,0.02,0,0.98,0
869,0.85,0.06,0.03,0.06
870,0.03,0,0,0.97
871,0.03,0,0,0.97
872,0.99,0,0,0.01
873,0.28,0,0,0.72
874,0.05,0,0,0.95
875,0.03,0,0.97,0
876,1,0,0,0
877,1,0,0,0
878,0.96,0,0.03,0.01
879,0.05,0.92,0.03,0
880,1,0,0,0
881,0.01,0,0.99,0
882,0.21,0,0,0.79
883,0.03,0,0,0.97
884,1,0,0,0
885,0.03,0.96,0.01,0
886,0.05,0.95,0,0
887,0.99,0,0.01,0
888,0.01,0,0.99,0
889,0.84,0.06,0.09,0.02
890,1,0,0,0
891,0.32,0,0.68,0
892,0.06,0,0,0.94
893,0.96,0,0,0.04
894,0.99,0,0.01,0
895,0.87,0,0,0.13
896,0.74,0,0,0.26
897,0.72,0,0.28,0
898,0.93,0,0,0.07
899,0.98,0,0.02,0
900,1,0,0,0
901,0.24,0,0.76,0
902,0.75,0,0.25,0
903,1,0,0,0
904,0.04,0,0,0.96
905,0.22,0,0.78,0
906,0.99,0,0,0.01
907,0.2,0.77,0.03,0
908,0.24,0,0,0.76
909,0.02,0.97,0,0
910,0.28,0,0,0.72
911,1,0,0,0
912,1,0,0,0
913,0.37,0,0,0.63
914,0.1,0,0,0.9
915,1,0,0,0
916,1,0,0,0
917,0.22,0.75,0.02,0.01
918,1,0,0,0
919,0.99,0,0.01,0
920,0.04,0.96,0,0
921,1,0,0,0
922,0.92,0,0.07,0.01
923,0.17,0,0,0.83
924,0.98,0,0,0.02
925,1,0,0,0
926,0.09,0,0,0.91
927,0.05,0,0,0.95
928,1,0,0,0
929,1,0,0,0
930,0.35,0,0,0.65
931,0.05,0,0,0.95
932,0.12,0.8,0,0.08
933,0.02,0,0.98,0
934,0.89,0,0.11,0
935,0.01,0,0.99,0
936,0.95,0,0.01,0.04
937,0.32,0,0.68,0
938,1,0,0,0
939,0.04,0,0,0.96
940,0.03,0,0.97,0
941,0.99,0,0,0.01
942,0.02,0,0.98,0
943,1,0,0,0
944,0.01,0,0.99,0
945,1,0,0,0
946,0.12,0.87,0.01,0
947,0.71,0,0.29,0
948,1,0,0,0
949,1,0,0,0
950,0.88,0,0,0.12
951,0.09,0.86,0,0.04
952,0.99,0,0.01,0
953,0.07,0,0,0.93
954,0.97,0,0.03,0
955,1,0,0,0
956,0.22,0,0.78,0
957,0.81,0,0.19,0
958,1,0,0,0
959,0.99,0,0.01,0
960,0.36,0,0,0.64
961,0.03,0,0,0.97
962,0.02,0,0.98,0
963,1,0,0,0
964,0.59,0,0.41,0
965,1,0,0,0
966,0.04,0,0.96,0
967,0.02,0.97,0,0
968,1,0,0,0
969,1,0,0,0
970,0.96,0,0.01,0.03
971,0.07,0,0,0.93
972,1,0,0,0
973,0.75,0.04,0.01,0.21
974,1,0,0,0
975,0.99,0,0.01,0
976,0.98,0,0,0.01
977,1,0,0,0
978,0.75,0,0.25,0
979,0.26,0,0,0.74
980,0.42,0,0,0.58
981,0.98,0,0,0.02
982,1,0,0,0
983,1,0,0,0
984,0.95,0,0.01,0.04
985,0.02,0,0.98,0
986,0.12,0,0,0.88
987,1,0,0,0
988,0.79,0,0.21,0
989,1,0,0,0
990,0.97,0,0,0.03
991,0.98,0,0,0.02
992,0.25,0,0.75,0
993,0.2,0.04,0,0.76
994,0.79,0,0.21,0
995,0.06,0,0,0.94
996,0.21,0,0,0.79
997,0.84,0.05,0.1,0.01
998,0.9,0,0.01,0.09
999,0.98,0,0,0.02
1000,0.41,0,0,0.59
1001,0.83,0.06,0.09,0.01
1002,0.01,0,0.99,0
1003,1,0,0,0
1004,0.85,0,0,0.15
1005,0.82,0,0.18,0
1006,0.76,0.14,0.03,0.07
1007,0.07,0,0,0.93
1008,0.03,0.97,0,0
1009,0.13,0.78,0,0.09
1010,0.08,0.9,0,0.02
1011,0.02,0,0.98,0
1012,0.59,0,0.41,0
1013,0.18,0,0,0.82
1014,0.15,0,0,0.85
1015,0.96,0,0.04,0.01
1016,0.56,0,0.44,0
1017,0.36,0,0,0.64
1018,0.9,0,0.1,0
1019,0.08,0,0,0.92
1020,0.99,0,0.01,0
1021,0.99,0,0.01,0
1022,0.5,0,0.5,0
1023,0.07,0,0,0.93
1024,1,0,0,0
1025,0.57,0,0.43,0
1026,1,0,0,0
1027,0.28,0,0.72,0
1028,0.99,0,0.01,0
1029,1,0,0,0
1030,0.9,0,0.1,0
1031,1,0,0,0
1032,0.09,0,0,0.91
1033,0.97,0,0.01,0.02
1034,0.55,0,0.45,0
1035,0.01,0,0.99,0
1036,0.14,0.75,0,0.11
1037,0.98,0,0,0.02
1038,0.05,0.95,0,0
1039,0.89,0,0.11,0
1040,0.31,0,0,0.69
1041,1,0,0,0
1042,0.35,0,0.65,0
1043,1,0,0,0
1044,1,0,0,0
1045,0.11,0,0,0.89
1046,0.05,0.95,0,0
1047,0.93,0,0.06,0.01
1048,0.97,0,0,0.03
1049,0.74,0,0,0.26
1050,0.62,0,0.38,0
1051,0.98,0,0,0.01
1052,0.97,0,0,0.03
1053,0.06,0.93,0,0.01
1054,0.22,0,0,0.78
1055,1,0,0,0
1056,0.9,0,0.1,0
1057,0.99,0,0,0.01
1058,1,0,0,0
1059,0.02,0,0.98,0
1060,0.01,0,0.99,0
1061,1,0,0,0
1062,1,0,0,0
1063,0.92,0,0.01,0.07
1064,0.8,0.09,0.02,0.09
1065,0.92,0,0.07,0.01
1066,0.16,0,0,0.84
1067,0.03,0,0,0.97
1068,0.99,0,0.01,0
1069,1,0,0,0
1070,1,0,0,0
1071,0.22,0,0,0.78
1072,0.03,0.97,0,0
1073,0.03,0,0.97,0
1074,0.79,0,0.21,0
1075,0.03,0,0,0.97
1076,0.6,0.32,0.02,0.06
1077,0.04,0.95,0,0
1078,0.34,0,0.66,0
1079,0.1,0,0,0.9
1080,0.23,0,0.77,0
1081,0.01,0,0.99,0
1082,0.96,0,0.01,0.03
1083,1,0,0,0
1084,0.15,0.82,0.02,0
1085,1,0,0,0
1086,0.71,0,0.29,0
1087,0.03,0,0.97,0
1088,0.03,0.96,0.01,0
1089,0.08,0,0,0.91
1090,0.06,0,0,0.94
1091,0.99,0,0.01,0
1092,0.89,0,0.11,0
1093,0.09,0,0,0.91
1094,0.02,0,0.98,0
1095,0.83,0,0,0.17
1096,0.03,0,0,0.97
1097,0.91,0,0.09,0
1098,0.03,0.96,0,0
1099,0.93,0,0.05,0.01
1100,0.05,0,0,0.95
1101,0.92,0,0.08,0
1102,0.03,0,0,0.97
1103,0.99,0,0.01,0
1104,0.14,0,0,0.86
1105,0.69,0,0,0.31
1106,0.48,0,0.52,0
1107,0.89,0,0.11,0
1108,0.08,0.89,0,0.03
1109,1,0,0,0
1110,0.01,0,0.99,0
1111,1,0,0,0
1112,0.99,0,0,0.01
1113,0.04,0,0,0.96
1114,0.36,0,0.64,0
1115,1,0,0,0
1116,0.11,0,0,0.89
1117,1,0,0,0
1118,0.26,0,0,0.74
1119,1,0,0,0
1120,0.78,0,0,0.22
1121,0.99,0,0.01,0
1122,0.02,0,0.98,0
1123,1,0,0,0
1124,0.01,0,0.99,0
1125,1,0,0,0
1126,1,0,0,0
1127,0.03,0,0,0.97
1128,0.27,0,0,0.73
1129,0.79,0.09,0.11,0.01
1130,0.66,0,0.34,0
1131,0.29,0,0.71,0
1132,0.25,0,0,0.75
1133,0.91,0,0.01,0.07
1134,0.03,0,0,0.97
1135,0.99,0,0.01,0
1136,0.83,0.06,0.1,0.01
1137,0.99,0,0,0
1138,1,0,0,0
1139,1,0,0,0
1140,0.04,0.95,0,0
1141,1,0,0,0
1142,1,0,0,0
1143,0.01,0,0.99,0
1144,0.15,0,0,0.85
1145,0.26,0.02,0,0.72
1146,0.09,0,0,0.91
1147,1,0,0,0
1148,0.01,0,0.99,0
1149,0.98,0,0,0.02
1150,0.07,0.91,0,0.02
1151,0.03,0,0,0.97
1152,0.92,0,0.08,0
1153,1,0,0,0
1154,0.99,0,0.01,0
1155,0.09,0,0,0.91
1156,1,0,0,0
1157,0.17,0,0,0.83
1158,0.15,0,0.85,0
1159,0.99,0,0.01,0
1160,0.06,0.9,0.04,0
1161,0.28,0,0,0.72
1162,0.96,0,0.01,0.04
1163,0.98,0,0.02,0
1164,0.01,0,0.99,0
1165,0.82,0.09,0.05,0.03
1166,0.14,0,0.86,0
1167,1,0,0,0
1168,0.6,0,0.4,0
1169,0.98,0,0,0.02
1170,0.01,0,0.99,0
1171,0.12,0.87,0,0.01
1172,0.29,0.01,0,0.69
1173,0.45,0,0.55,0
1174,1,0,0,0
1175,1,0,0,0
1176,1,0,0,0
1177,1,0,0,0
1178,0.97,0,0,0.03
1179,0.71,0,0.29,0
1180,0.37,0,0.63,0
1181,1,0,0,0
1182,0.45,0,0,0.54
1183,1,0,0,0
1184,0.91,0,0.09,0
1185,1,0,0,0
1186,0.08,0,0,0.92
1187,0.05,0.93,0.02,0
1188,1,0,0,0
1189,0.03,0,0,0.97
1190,0.94,0,0.05,0.01
1191,0.02,0,0.98,0
1192,0.03,0,0,0.97
1193,0.42,0,0,0.58
1194,1,0,0,0
1195,0.4,0,0.6,0
1196,0.96,0,0.04,0
1197,0.94,0,0.04,0.02
1198,0.77,0,0.23,0
1199,0.83,0,0,0.17
1200,0.03,0,0,0.97
1201,0.02,0,0.98,0
1202,0.99,0,0.01,0
1203,1,0,0,0
1204,1,0,0,0
1205,0.28,0,0.72,0
1206,0.08,0,0,0.92
1207,0.11,0,0,0.89
1208,1,0,0,0
1209,0.38,0.07,0,0.55
1210,0.68,0.2,0.02,0.1
1211,0.04,0,0,0.96
1212,0.96,0,0.03,0.01
1213,0.03,0,0.97,0
1214,1,0,0,0
1215,0.05,0.94,0,0.01
1216,0.17,0,0,0.83
1217,0.21,0.59,0,0.2
1218,1,0,0,0
1219,0.07,0,0,0.93
1220,1,0,0,0
1221,0.02,0,0.98,0
1222,0.04,0,0,0.96
1223,0.84,0,0.16,0
1224,0.16,0,0,0.84
1225,1,0,0,0
1226,0.73,0.09,0.01,0.18
1227,0.01,0,0.99,0
1228,0.15,0,0,0.85
1229,0.47,0,0.53,0
1230,1,0,0,0
1231,0.73,0,0,0.27
1232,1,0,0,0
1233,1,0,0,0
1234,0.14,0,0,0.86
1235,1,0,0,0
1236,0.94,0,0,0.06
1237,0.05,0.94,0,0
1238,0.04,0,0,0.96
1239,0.55,0,0.45,0
1240,0.86,0.02,0.02,0.11
1241,0.21,0,0,0.79
1242,0.76,0,0.24,0
1243,0.03,0,0.97,0
1244,0.11,0,0,0.89
1245,0.04,0,0,0.96
1246,1,0,0,0
1247,0.28,0,0.72,0
1248,0.18,0,0,0.82
1249,1,0,0,0
1250,1,0,0,0
1251,1,0,0,0
1252,0.99,0,0.01,0
1253,1,0,0,0
1254,0.23,0,0.77,0
1255,0.99,0,0,0.01
1256,0.99,0,0,0.01
1257,1,0,0,0
1258,0.99,0,0.01,0
1259,0.34,0,0.66,0
1260,1,0,0,0
1261,0.08,0.89,0.03,0
1262,0.03,0.97,0,0
1263,0.29,0,0,0.71
1264,1,0,0,0
1265,1,0,0,0
1266,1,0,0,0
1267,1,0,0,0
1268,0.08,0,0,0.92
1269,0.03,0,0.97,0
1270,0.47,0,0,0.53
1271,1,0,0,0
1272,0.98,0,0,0.02
1273,0.97,0,0.03,0
1274,0.95,0,0.05,0.01
1275,1,0,0,0
1276,1,0,0,0
1277,1,0,0,0
1278,0.45,0,0.55,0
1279,0.76,0,0.24,0
1280,0.34,0,0.66,0
1281,0.03,0.97,0.01,0
1282,1,0,0,0
1283,0.01,0,0.99,0
1284,1,0,0,0
1285,0.46,0,0,0.54
1286,0.87,0.02,0.1,0.01
1287,0.99,0,0.01,0
1288,1,0,0,0
1289,0.37,0,0.63,0
1290,0.03,0,0,0.97
1291,0.79,0,0,0.21
1292,0.69,0,0.31,0
1293,1,0,0,0
1294,0.06,0,0,0.94
1295,0.02,0.98,0,0
1296,0.03,0,0.97,0
1297,0.99,0,0.01,0
1298,0.06,0.9,0.04,0
1299,0.96,0,0.03,0
1300,1,0,0,0
1301,0.13,0.77,0,0.1
1302,0.56,0,0.44,0
1303,0.07,0,0,0.93
1304,0.65,0.19,0.01,0.14
1305,0.82,0.07,0.03,0.08
1306,1,0,0,0
1307,1,0,0,0
1308,0.84,0,0,0.16
1309,0.04,0,0,0.96
1310,0.05,0.92,0.03,0
1311,0.91,0,0,0.09
1312,0.23,0,0.77,0
1313,0.24,0,0,0.76
1314,0.83,0,0,0.17
1315,0.83,0.05,0.11,0.01
1316,0.14,0,0,0.86
1317,0.08,0,0,0.92
1318,1,0,0,0
1319,0.99,0,0,0.01
1320,1,0,0,0
1321,0.13,0,0,0.87
1322,0.98,0,0,0.02
1323,0.26,0.02,0,0.71
1324,1,0,0,0
1325,1,0,0,0
1326,1,0,0,0
1327,0.03,0,0.97,0
1328,0.72,0,0.28,0
1329,1,0,0,0
1330,0.99,0,0.01,0
1331,0.99,0,0,0.01
1332,0.5,0,0,0.5
1333,0.98,0,0.02,0
1334,1,0,0,0
1335,1,0,0,0
1336,0.02,0.97,0,0
1337,1,0,0,0
1338,0.03,0,0,0.97
1339,0.2,0,0.8,0
1340,0.45,0,0.55,0
1341,0.02,0,0.98,0
1342,1,0,0,0
1343,0.99,0,0.01,0
1344,1,0,0,0
1345,0.03,0,0,0.97
1346,0.99,0,0,0.01
1347,0.11,0,0,0.89
1348,0.99,0,0.01,0
1349,0.07,0.9,0.03,0
1350,1,0,0,0
1351,0.06,0,0,0.94
1352,1,0,0,0
1353,0.04,0,0,0.96
1354,0.01,0,0.99,0
1355,1,0,0,0
1356,1,0,0,0
1357,0.81,0,0.19,0
1358,0.63,0,0,0.37
1359,0.92,0,0.01,0.07
1360,1,0,0,0
1361,0.03,0,0,0.97
1362,0.32,0,0,0.68
1363,1,0,0,0
1364,0.07,0,0,0.93
1365,0.33,0,0.67,0
1366,0.97,0,0.02,0.01
1367,0.99,0,0,0
1368,0.03,0,0,0.97
1369,0.03,0,0,0.97
1370,0.08,0.88,0.04,0
1371,0.79,0,0,0.21
1372,0.03,0.96,0.01,0
1373,0.93,0,0.02,0.05
1374,0.4,0.1,0,0.5
1375,0.33,0,0.67,0
1376,1,0,0,0
1377,1,0,0,0
1378,0.02,0,0.98,0
1379,0.86,0,0.01,0.14
1380,0.73,0,0.27,0
1381,1,0,0,0
1382,0.05,0.92,0.02,0
1383,0.76,0,0.24,0
1384,0.87,0,0.13,0
1385,0.03,0,0,0.97
1386,1,0,0,0
1387,1,0,0,0
1388,0.99,0,0.01,0
1389,0.91,0,0,0.08
1390,0.6,0,0.4,0
1391,0.99,0,0.01,0
1392,1,0,0,0
1393,1,0,0,0
1394,0.06,0,0,0.94
1395,0.34,0,0,0.66
1396,0.94,0,0.05,0.01
1397,0.93,0,0,0.07
1398,0.02,0,0.98,0
1399,1,0,0,0
1400,0.97,0,0.02,0.01
1401,0.34,0,0.66,0
1402,0.03,0,0.97,0
1403,1,0,0,0
1404,1,0,0,0
1405,0.23,0,0,0.77
1406,0.01,0,0.99,0
1407,0.06,0.93,0.01,0
1408,0.27,0,0,0.73
1409,1,0,0,0
1410,0.99,0,0.01,0
1411,0.98,0,0.01,0.01
1412,0.1,0,0,0.9
1413,0.11,0.83,0,0.06
1414,1,0,0,0
1415,0.07,0.91,0,0.02
1416,0.04,0,0,0.96
1417,0.03,0.96,0.01,0
1418,0.44,0,0.56,0
1419,0.32,0,0.68,0
1420,0.96,0,0.03,0.01
1421,0.09,0.9,0,0.01
1422,0.47,0,0.53,0
1423,0.03,0,0,0.97
1424,0.05,0.95,0,0
1425,0.05,0,0,0.95
1426,0.03,0.96,0.01,0
1427,0.73,0,0,0.27
1428,1,0,0,0
1429,0.2,0,0,0.8
1430,0.04,0,0,0.96
1431,0.1,0,0,0.9
1432,1,0,0,0
1433,0.14,0,0,0.86
1434,0.96,0,0,0.04
1435,0.06,0.93,0.01,0
1436,1,0,0,0
1437,0.31,0,0.69,0
1438,0.99,0,0.01,0
1439,0.04,0,0,0.96
1440,0.51,0,0,0.49
1441,0.03,0,0.97,0
1442,0.93,0,0.06,0.01
1443,1,0,0,0
1444,0.07,0,0,0.93
1445,0.03,0,0,0.97
1446,0.02,0.98,0,0
1447,0.04,0,0,0.96
1448,1,0,0,0
1449,0.07,0,0,0.93
1450,1,0,0,0
1451,1,0,0,0
1452,0.35,0,0.65,0
1453,0.98,0,0.02,0
1454,0.89,0,0.11,0
1455,0.43,0,0,0.57
1456,0.97,0,0.02,0
1457,0.31,0,0.68,0
1458,0.44,0,0.56,0
1459,0.04,0,0,0.96
1460,0.21,0,0,0.79
1461,0.07,0,0,0.93
1462,1,0,0,0
1463,0.35,0.03,0,0.62
1464,0.03,0,0,0.97
1465,0.02,0,0.98,0
1466,0.99,0,0.01,0
1467,0.78,0,0.22,0
1468,1,0,0,0
1469,1,0,0,0
1470,1,0,0,0
1471,1,0,0,0
1472,0.06,0.93,0.01,0
1473,1,0,0,0
1474,0.99,0,0.01,0
1475,0.05,0,0,0.95
1476,0.09,0.89,0,0.01
1477,0.06,0.92,0.02,0
1478,0.03,0,0,0.97
1479,0.21,0,0,0.79
1480,0.98,0,0,0.02
1481,0.84,0,0,0.16
1482,1,0,0,0
1483,0.95,0,0.05,0
1484,0.98,0,0.01,0
1485,0.76,0,0.24,0
1486,0.34,0,0,0.66
1487,0.02,0,0.98,0
1488,0.3,0,0.7,0
1489,0.98,0,0.02,0.01
1490,0.2,0,0,0.8
1491,1,0,0,0
1492,0.05,0,0,0.95
1493,0.96,0,0.04,0
1494,0.05,0.94,0,0
1495,0.83,0,0.17,0
1496,0.04,0,0,0.96
1497,1,0,0,0
1498,1,0,0,0
1499,0.35,0,0.65,0
1500,1,0,0,0
1501,0.64,0,0,0.36
1502,0.34,0,0.66,0
1503,1,0,0,0
1504,0.03,0,0,0.97
1505,0.02,0,0.98,0
1506,0.39,0,0,0.61
1507,0.58,0,0.42,0
1508,1,0,0,0
1509,0.32,0,0.68,0
1510,0.99,0,0,0
1511,0.05,0.95,0,0.01
1512,0.47,0,0.53,0
1513,1,0,0,0
1514,0.5,0,0,0.5
1515,0.93,0,0.01,0.06
1516,0.95,0,0.01,0.05
1517,1,0,0,0
1518,0.03,0,0,0.97
1519,0.03,0,0,0.97
1520,1,0,0,0
1521,1,0,0,0
1522,0.99,0,0.01,0
1523,1,0,0,0
1524,0.83,0,0.17,0
1525,1,0,0,0
1526,1,0,0,0
1527,0.04,0,0,0.96
1528,0.42,0,0,0.58
1529,0.93,0,0,0.07
1530,0.99,0,0.01,0
1531,1,0,0,0
1532,0.08,0,0,0.92
1533,1,0,0,0
1534,0.88,0,0.12,0
1535,1,0,0,0
1536,0.25,0,0,0.75
1537,0.91,0,0,0.09
1538,0.21,0,0,0.79
1539,0.18,0.03,0,0.79
1540,0.01,0,0.99,0
1541,0.72,0.1,0.01,0.17
1542,0.01,0,0.99,0
1543,0.03,0,0.97,0
1544,0.99,0,0.01,0
1545,0.72,0.08,0.01,0.19
1546,0.34,0,0,0.66
1547,0.94,0,0.04,0.02
1548,0.78,0,0.22,0
1549,0.05,0.93,0.02,0
1550,1,0,0,0
1551,0.03,0,0,0.97
1552,0.99,0,0,0.01
1553,0.31,0,0,0.69
1554,1,0,0,0
1555,0.18,0,0,0.82
1556,0.29,0,0,0.71
1557,0.08,0,0,0.92
1558,0.84,0,0.16,0
1559,0.97,0,0.03,0
1560,0.99,0,0.01,0
1561,0.1,0,0,0.9
1562,0.24,0,0,0.76
1563,1,0,0,0
1564,0.96,0,0,0.04
1565,0.27,0,0.73,0
1566,1,0,0,0
1567,1,0,0,0
1568,0.03,0,0,0.97
1569,1,0,0,0
1570,0.82,0.08,0.09,0.02
1571,0.31,0,0.69,0
1572,1,0,0,0
1573,0.73,0,0,0.27
1574,1,0,0,0
1575,1,0,0,0
1576,0.05,0.94,0,0.01
1577,1,0,0,0
1578,0.98,0,0.02,0
1579,0.27,0,0,0.73
1580,0.05,0.92,0.03,0
1581,0.1,0.84,0,0.06
1582,0.11,0.82,0,0.06
1583,0.05,0,0,0.95
1584,0.96,0,0.04,0
1585,0.87,0,0.01,0.12
1586,0.53,0,0.47,0
1587,1,0,0,0
1588,0.62,0,0,0.38
1589,0.99,0,0.01,0
1590,0.08,0,0,0.92
1591,0.16,0.7,0,0.14
1592,1,0,0,0
1593,0.04,0,0,0.96
1594,0.99,0,0.01,0
1595,0.31,0,0.69,0
1596,0.97,0,0,0.02
1597,0.99,0,0,0
1598,0.9,0,0.1,0
1599,0.33,0,0.67,0
1600,0.94,0,0.05,0.01
1601,0.45,0,0,0.55
1602,0.99,0,0.01,0
1603,1,0,0,0
1604,0.99,0,0.01,0
1605,1,0,0,0
1606,0.32,0,0.68,0
1607,0.14,0,0,0.86
1608,0.06,0,0,0.94
1609,0.29,0,0.71,0
1610,0.04,0,0,0.96
1611,0.06,0,0,0.94
1612,0.02,0,0.98,0
1613,0.83,0,0.17,0
1614,0.09,0.86,0,0.05
1615,0.98,0,0.01,0
1616,0.7,0,0.3,0
1617,0.16,0,0,0.84
1618,0.53,0,0.47,0
1619,0.13,0.85,0.02,0
1620,0.46,0,0.54,0
1621,0.03,0,0,0.97
1622,1,0,0,0
1623,0.76,0,0.24,0
1624,0.98,0,0.02,0
1625,1,0,0,0
1626,0.98,0,0,0.02
1627,0.44,0,0,0.55
1628,1,0,0,0
1629,0.18,0,0,0.82
1630,0.82,0,0.18,0
1631,0.83,0,0,0.17
1632,0.92,0,0.06,0.01
1633,0.13,0,0,0.87
1634,0.99,0,0,0.01
1635,0.96,0,0,0.03
1636,0.03,0,0,0.97
1637,0.23,0,0,0.77
1638,0.04,0,0,0.96
1639,0.85,0.07,0.05,0.03
1640,0.07,0,0,0.93
1641,0.98,0,0.02,0
1642,0.04,0,0.96,0
1643,0.99,0,0,0.01
1644,0.76,0,0.24,0
1645,0.74,0,0,0.26
1646,0.38,0.06,0,0.56
1647,1,0,0,0
1648,0.99,0,0,0
1649,0.69,0.11,0.01,0.18
1650,0.72,0,0.28,0
1651,0.4,0,0,0.6
1652,0.04,0,0,0.96
1653,1,0,0,0
1654,0.94,0,0.04,0.01
1655,1,0,0,0
1656,0.97,0,0,0.03
1657,0.92,0,0.01,0.07
1658,0.03,0,0,0.97
1659,0.01,0,0.99,0
1660,0.27,0,0,0.73
1661,0.99,0,0.01,0
1662,1,0,0,0
1663,0.03,0,0,0.97
1664,0.03,0,0,0.97
1665,1,0,0,0
1666,0.17,0,0,0.83
1667,1,0,0,0
1668,0.06,0,0,0.94
1669,0.52,0,0.48,0
1670,0.01,0,0.99,0
1671,0.98,0,0.01,0.01
1672,0.27,0,0,0.73
1673,0.9,0,0,0.1
1674,0.26,0,0.74,0
1675,1,0,0,0
1676,1,0,0,0
1677,0.06,0,0,0.94
1678,0.21,0,0,0.79
1679,1,0,0,0
1680,0.83,0,0.17,0
1681,1,0,0,0
1682,0.92,0,0.06,0.01
1683,0.76,0,0,0.24
1684,1,0,0,0
1685,0.01,0,0.99,0
1686,0.33,0,0.67,0
1687,0.54,0,0.46,0
1688,0.08,0,0,0.92
1689,0.04,0,0,0.96
1690,1,0,0,0
1691,0.03,0,0,0.97
1692,0.04,0,0,0.96
1693,0.03,0,0,0.97
1694,0.78,0.12,0.08,0.02
1695,0.98,0,0.01,0.01
1696,0.97,0,0.03,0
1697,0.01,0,0.99,0
1698,0.02,0.98,0,0
1699,0.92,0,0.01,0.06
1700,0.11,0,0,0.89
1701,0.03,0,0,0.97
1702,0.48,0,0.52,0
1703,0.16,0,0.84,0
1704,0.56,0,0,0.44
1705,0.05,0.93,0.02,0
1706,0.17,0,0,0.83
1707,0.48,0,0.52,0
1708,0.95,0,0.01,0.04
1709,0.23,0,0.77,0
1710,1,0,0,0
1711,1,0,0,0
1712,1,0,0,0
1713,0.99,0,0.01,0
1714,0.99,0,0.01,0
1715,1,0,0,0
1716,0.11,0.82,0,0.07
1717,0.59,0,0.41,0
1718,0.72,0,0.28,0
1719,0.13,0.78,0,0.09
1720,0.05,0,0,0.95
1721,0.02,0,0.98,0
1722,0.02,0,0.98,0
1723,1,0,0,0
1724,0.07,0,0,0.93
1725,1,0,0,0
1726,0.24,0,0,0.76
1727,0.16,0,0.84,0
1728,1,0,0,0
1729,0.03,0,0.97,0
1730,0.05,0.92,0.03,0
1731,0.32,0,0.68,0
1732,0.82,0,0,0.18
1733,0.88,0.02,0.03,0.06
1734,1,0,0,0
1735,1,0,0,0
1736,0.32,0,0.68,0
1737,0.23,0,0,0.77
1738,0.07,0.89,0.03,0
1739,0.02,0,0.98,0
1740,0.04,0,0,0.96
1741,0.98,0,0,0.02
1742,0.95,0,0.01,0.04
1743,1,0,0,0
1744,0.3,0,0.7,0
1745,0.08,0.88,0,0.03
1746,0.78,0,0,0.22
1747,0.99,0,0.01,0
1748,0.94,0,0.05,0.01
1749,0.56,0,0.44,0
1750,0.78,0,0,0.22
1751,0.01,0,0.99,0
1752,0.86,0,0.14,0
1753,0.75,0,0.25,0
1754,0.04,0,0,0.96
1755,1,0,0,0
1756,1,0,0,0
1757,0.27,0,0,0.73
1758,0.09,0,0,0.91
1759,1,0,0,0
1760,0.19,0,0.81,0
1761,0.81,0,0.19,0
1762,0.98,0,0,0.02
1763,0.4,0,0,0.6
1764,0.14,0,0,0.86
1765,0.53,0,0,0.47
1766,0.03,0,0,0.97
1767,0.21,0,0.79,0
1768,1,0,0,0
1769,1,0,0,0
1770,1,0,0,0
1771,0.07,0.9,0,0.02
1772,0.94,0,0.01,0.05
1773,1,0,0,0
1774,0.06,0,0,0.94
1775,1,0,0,0
1776,0.11,0,0,0.89
1777,0.99,0,0.01,0
1778,0.03,0.96,0.01,0
1779,0.76,0.13,0.09,0.01
1780,0.86,0,0.14,0
1781,0.96,0,0.01,0.03
1782,0.95,0,0.03,0.01
1783,0.44,0,0,0.56
1784,1,0,0,0
1785,0.77,0.04,0.01,0.19
1786,1,0,0,0
1787,0.57,0,0.43,0
1788,0.08,0.88,0,0.03
1789,0.57,0,0.43,0
1790,0.12,0,0,0.88
1791,1,0,0,0
1792,0.88,0,0.12,0
1793,0.11,0.88,0.01,0
1794,0.3,0.01,0,0.69
1795,0.08,0,0,0.92
1796,0.16,0.7,0,0.14
1797,1,0,0,0
1798,0.98,0,0.02,0
1799,1,0,0,0
1800,0.95,0,0.02,0.02
1801,0.81,0,0,0.19
1802,1,0,0,0
1803,1,0,0,0
1804,0.5,0,0,0.5
1805,0.38,0,0.62,0
1806,0.14,0.84,0.02,0
1807,0.99,0,0,0.01
1808,1,0,0,0
1809,0.67,0,0.33,0
1810,0.22,0,0.78,0
1811,0.99,0,0.01,0
1812,0.83,0.06,0.09,0.01
1813,0.44,0,0,0.56
1814,0.94,0,0.06,0
1815,0.06,0.9,0.04,0
1816,0.97,0,0.02,0
1817,0.04,0,0,0.96
1818,0.72,0.18,0.03,0.07
1819,0.23,0,0,0.77
1820,0.26,0,0.74,0
1821,0.01,0,0.99,0
1822,0.65,0,0.35,0
1823,1,0,0,0
1824,1,0,0,0
1825,0.76,0,0.24,0
1826,0.36,0,0,0.64
1827,0.9,0,0.1,0.01
1828,1,0,0,0
1829,0.99,0,0.01,0
1830,0.06,0,0,0.94
1831,0.32,0,0,0.68
1832,0.05,0,0,0.95
1833,0.02,0,0.98,0
1834,0.73,0,0.27,0
1835,0.02,0.97,0,0
1836,1,0,0,0
1837,0.08,0,0,0.92
1838,1,0,0,0
1839,0.53,0,0.47,0
1840,0.68,0,0.32,0
1841,0.05,0,0,0.95
1842,0.99,0,0.01,0
1843,0.11,0,0,0.89
1844,0.92,0,0.08,0
1845,1,0,0,0
1846,0.01,0,0.99,0
1847,0.93,0,0.06,0
1848,1,0,0,0
1849,0.07,0,0,0.93
1850,1,0,0,0
1851,0.56,0,0.44,0
1852,0.02,0.97,0,0
1853,1,0,0,0
1854,0.97,0,0,0.03
1855,0.69,0,0,0.3
1856,0.81,0.1,0.05,0.04
1857,0.93,0,0.06,0
1858,0.1,0.83,0.07,0
1859,0.11,0,0,0.89
1860,0.52,0,0,0.48
1861,1,0,0,0
1862,0.76,0,0,0.24
1863,0.93,0,0,0.07
1864,0.1,0.84,0,0.06
1865,0.01,0,0.99,0
1866,1,0,0,0
1867,0.75,0,0.25,0
1868,1,0,0,0
1869,0.07,0,0,0.93
1870,0.73,0,0.27,0
1871,0.04,0.96,0,0
1872,0.98,0,0.02,0
1873,0.12,0.8,0,0.07
1874,1,0,0,0
1875,0.92,0,0.06,0.01
1876,0.94,0,0.04,0.01
1877,1,0,0,0
1878,0.99,0,0.01,0
1879,0.04,0,0,0.96
1880,0.06,0.93,0.01,0
1881,0.12,0,0,0.88
1882,1,0,0,0
1883,0.99,0,0,0.01
1884,1,0,0,0
1885,0.26,0,0.74,0
1886,0.95,0,0.04,0.01
1887,1,0,0,0
1888,1,0,0,0
1889,0.79,0,0.21,0
1890,1,0,0,0
1891,1,0,0,0
1892,0.88,0,0.12,0
1893,1,0,0,0
1894,0.22,0,0,0.78
1895,0.53,0,0.47,0
1896,0.52,0,0.48,0
1897,0.97,0,0.03,0
1898,0.19,0,0,0.81
1899,0.59,0,0.41,0
1900,1,0,0,0
1901,1,0,0,0
1902,0.09,0.85,0.06,0
1903,0.77,0,0,0.23
1904,0.79,0,0.21,0
1905,0.04,0,0,0.96
1906,0.26,0,0.74,0
1907,0.06,0.89,0.05,0
1908,0.01,0,0.99,0
1909,1,0,0,0
1910,0.83,0,0,0.17
1911,0.83,0,0,0.17
1912,0.12,0,0,0.88
1913,0.74,0.09,0.01,0.16
1914,0.26,0,0.74,0
1915,1,0,0,0
1916,0.07,0,0,0.93
1917,0.01,0,0.99,0
1918,0.97,0,0,0.03
1919,0.8,0,0.2,0
1920,0.77,0.12,0.02,0.08
1921,0.3,0.01,0,0.69
1922,0.26,0,0,0.74
1923,0.78,0,0.22,0
1924,1,0,0,0
1925,0.16,0,0,0.84
1926,0.21,0,0,0.79
1927,0.12,0,0,0.88
1928,0.84,0,0.16,0
1929,0.8,0,0.2,0
1930,0.97,0,0,0.03
1931,0.56,0,0.44,0
1932,0.02,0,0.98,0
1933,0.04,0.93,0.02,0
1934,0.13,0,0,0.87
1935,0.92,0,0.01,0.07
1936,0.97,0,0.02,0.01
1937,0.16,0.81,0.02,0
1938,0.3,0,0.7,0
1939,1,0,0,0
1940,1,0,0,0
1941,0.83,0,0.17,0
1942,0.76,0.07,0.01,0.16
1943,0.84,0,0.16,0
1944,0.98,0,0.02,0
1945,0.74,0.12,0.02,0.13
1946,0.35,0,0,0.65
1947,0.99,0,0.01,0
1948,1,0,0,0
1949,1,0,0,0
1950,1,0,0,0
1951,0.34,0,0.66,0
1952,0.96,0,0.03,0.01
1953,0.97,0,0.01,0.02
1954,0.15,0,0,0.85
1955,0.99,0,0.01,0
1956,1,0,0,0
1957,0.98,0,0.02,0
1958,0.01,0,0.99,0
1959,0.12,0,0,0.88
1960,0.06,0.89,0.05,0
1961,0.7,0,0.3,0
1962,0.04,0,0,0.96
1963,1,0,0,0
1964,0.99,0,0,0.01
1965,1,0,0,0
1966,0.85,0.04,0.1,0.01
1967,0.26,0.02,0,0.72
1968,0.93,0,0,0.07
1969,0.9,0,0,0.1
1970,0.16,0,0,0.84
1971,0.02,0,0.98,0
1972,0.97,0,0.02,0.01
1973,0.92,0,0.07,0.01
1974,0.99,0,0.01,0
1975,0.34,0,0,0.66
1976,1,0,0,0
1977,0.06,0,0,0.94
1978,0.51,0,0,0.49
1979,0.96,0,0.04,0
1980,0.01,0,0.99,0
1981,1,0,0,0
1982,0.73,0,0.27,0
1983,1,0,0,0
1984,0.07,0,0,0.93
1985,1,0,0,0
1986,1,0,0,0
1987,0.04,0.96,0,0
1988,1,0,0,0
1989,0.63,0,0,0.37
1990,0.99,0,0,0.01
1991,0.93,0,0,0.07
1992,0.15,0,0,0.85
1993,0.09,0,0,0.91
1994,0.01,0,0.99,0
1995,0.94,0,0.03,0.03
1996,0.14,0,0.86,0
1997,0.03,0,0,0.97
1998,0.78,0,0.22,0
1999,0.24,0,0,0.76
2000,0.02,0,0.98,0
2001,0.99,0,0,0.01
2002,1,0,0,0
2003,0.04,0,0,0.96
2004,0.99,0,0.01,0
2005,0.25,0,0,0.75
2006,1,0,0,0
2007,0.99,0,0,0
2008,0.05,0,0,0.95
2009,1,0,0,0
2010,0.03,0,0,0.97
2011,0.92,0,0.07,0.01
2012,0.15,0,0,0.85
2013,0.08,0.89,0,0.03
2014,1,0,0,0
2015,0.08,0.85,0.06,0
2016,1,0,0,0
2017,0.99,0,0,0.01
2018,1,0,0,0
2019,0.81,0,0.19,0
2020,1,0,0,0
2021,1,0,0,0
2022,1,0,0,0
2023,0.09,0.87,0,0.04
2024,0.98,0,0.02,0
2025,0.81,0,0.19,0
2026,0.15,0,0,0.85
2027,0.62,0,0,0.38
2028,0.92,0,0.01,0.07
2029,0.96,0,0,0.04
2030,0.66,0,0.34,0
2031,0.76,0,0,0.24
2032,0.03,0,0,0.97
2033,0.02,0.97,0,0
2034,0.32,0,0,0.68
2035,0.24,0,0,0.76
2036,1,0,0,0
2037,1,0,0,0
2038,0.07,0.91,0.02,0
2039,1,0,0,0
2040,0.24,0,0,0.76
2041,0.99,0,0.01,0
2042,0.63,0,0,0.36
2043,1,0,0,0
2044,1,0,0,0
2045,1,0,0,0
2046,0.37,0,0.63,0
2047,0.24,0,0,0.76
2048,0.99,0,0,0
2049,1,0,0,0
2050,1,0,0,0
2051,0.66,0,0,0.34
2052,0.01,0,0.99,0
2053,1,0,0,0
2054,0.14,0.85,0.01,0
2055,1,0,0,0
2056,0.03,0,0,0.97
2057,1,0,0,0
2058,0.11,0,0,0.89
2059,0.69,0,0,0.31
2060,0.06,0,0,0.94
2061,0.02,0,0.98,0
2062,0.11,0.82,0.07,0
2063,0.32,0,0.68,0
2064,0.88,0,0,0.12
2065,0.99,0,0.01,0
2066,0.14,0,0,0.86
2067,0.06,0,0,0.94
2068,0.01,0,0.99,0
2069,0.28,0.03,0,0.69
2070,0.66,0,0.34,0
2071,0.33,0,0,0.67
2072,1,0,0,0
2073,0.14,0,0.86,0
2074,0.81,0,0.19,0
2075,0.05,0.92,0.03,0
2076,0.98,0,0,0.01
2077,0.48,0,0.52,0
2078,0.16,0,0,0.84
2079,0.63,0,0.37,0
2080,0.98,0,0.02,0
2081,0.24,0,0.76,0
2082,0.94,0,0.05,0.01
2083,0.08,0.9,0,0.02
2084,0.48,0,0,0.52
2085,0.79,0,0.21,0
2086,0.01,0,0.99,0
2087,0.06,0,0,0.94
2088,0.96,0,0.03,0.01
2089,0.08,0.87,0.04,0
2090,1,0,0,0
2091,0.75,0,0,0.25
2092,0.08,0,0,0.92
2093,1,0,0,0
2094,0.56,0,0,0.44
2095,0.92,0,0.01,0.07
2096,0.99,0,0.01,0
2097,0.99,0,0.01,0
2098,0.99,0,0,0.01
2099,0.98,0,0,0.02
2100,0.05,0,0,0.95
2101,0.22,0,0.78,0
2102,0.05,0.92,0.03,0
2103,0.98,0,0,0.02
2104,0.13,0,0,0.87
2105,1,0,0,0
2106,1,0,0,0
2107,0.97,0,0,0.03
2108,0.98,0,0.02,0
2109,0.07,0.87,0.06,0
2110,0.14,0,0,0.86
2111,1,0,0,0
2112,0.99,0,0.01,0
2113,0.29,0,0.71,0
2114,1,0,0,0
2115,0.52,0,0.48,0
2116,1,0,0,0
2117,0.03,0,0,0.97
2118,0.26,0.7,0.03,0.01
2119,0.24,0,0.76,0
2120,1,0,0,0
2121,0.36,0,0.64,0
2122,0.57,0,0.43,0
2123,1,0,0,0
2124,0.85,0.05,0.03,0.06
2125,0.96,0,0,0.04
2126,1,0,0,0
2127,1,0,0,0
2128,0.08,0,0,0.92
2129,0.05,0.94,0.01,0
2130,0.01,0,0.99,0
2131,0.69,0.2,0.02,0.09
2132,0.64,0,0.36,0
2133,0.1,0.86,0,0.04
2134,0.99,0,0,0.01
2135,0.88,0,0.12,0
2136,1,0,0,0
2137,0.94,0,0.06,0
2138,1,0,0,0
2139,1,0,0,0
2140,0.98,0,0,0.02
2141,0.03,0,0,0.97
2142,0.52,0,0.48,0
2143,0.98,0,0.01,0.01
2144,0.01,0,0.99,0
2145,0.89,0,0,0.11
2146,0.14,0,0,0.86
2147,0.89,0,0,0.11
2148,0.32,0,0.68,0
2149,0.99,0,0,0.01
2150,0.96,0,0.04,0
2151,0.8,0,0.2,0
2152,0.99,0,0.01,0
2153,0.44,0,0,0.56
2154,0.07,0,0,0.93
2155,0.03,0,0,0.97
2156,0.79,0,0.21,0
2157,0.83,0,0.17,0
2158,1,0,0,0
2159,0.99,0,0,0.01
2160,0.02,0,0.98,0
2161,0.36,0,0.64,0
2162,1,0,0,0
2163,0.05,0,0,0.95
2164,0.74,0,0.26,0
2165,0.75,0,0.25,0
2166,0.04,0,0,0.96
2167,0.34,0,0.66,0
2168,1,0,0,0
2169,0.93,0,0.07,0
2170,0.99,0,0,0.01
2171,0.07,0,0,0.93
2172,1,0,0,0
2173,1,0,0,0
2174,0.99,0,0,0.01
2175,0.97,0,0.01,0.02
2176,0.31,0,0,0.69
2177,0.97,0,0.02,0.01
2178,0.28,0,0.72,0
2179,0.01,0,0.99,0
2180,1,0,0,0
2181,0.66,0.18,0.01,0.14
2182,0.89,0,0.11,0
2183,0.33,0,0.67,0
2184,0.73,0,0,0.27
2185,0.02,0,0.98,0
2186,0.86,0.04,0.03,0.06
2187,1,0,0,0
2188,0.08,0,0,0.92
2189,1,0,0,0
2190,0.02,0,0.98,0
2191,0.05,0.95,0,0
2192,0.03,0,0,0.97
2193,0.53,0,0.47,0
2194,0.08,0,0,0.92
2195,1,0,0,0
2196,0.99,0,0,0
2197,0.58,0,0.42,0
2198,0.94,0,0,0.06
2199,1,0,0,0
2200,1,0,0,0
2201,0.8,0.04,0.02,0.14
2202,0.25,0,0.75,0
2203,0.01,0,0.99,0
2204,0.02,0,0.98,0
2205,0.02,0.98,0,0
2206,0.38,0,0.62,0
2207,0.72,0.17,0.09,0.01
2208,1,0,0,0
2209,1,0,0,0
2210,0.95,0,0.05,0
2211,0.05,0.93,0.02,0
2212,1,0,0,0
2213,0.92,0,0.08,0
2214,0.31,0,0.69,0
2215,1,0,0,0
2216,0.09,0,0,0.91
2217,0.19,0,0.81,0
2218,0.97,0,0.02,0.01
2219,1,0,0,0
2220,0.28,0,0,0.72
2221,0.03,0.96,0.01,0
2222,0.71,0,0,0.29
2223,0.78,0,0,0.22
2224,0.02,0,0.98,0
2225,0.04,0.95,0.01,0
2226,1,0,0,0
2227,1,0,0,0
2228,0.32,0,0,0.68
2229,0.15,0,0,0.85
2230,0.28,0,0,0.72
2231,0.35,0,0,0.65
2232,0.08,0.9,0,0.02
2233,0.03,0,0,0.97
2234,0.76,0.07,0.01,0.15
2235,0.99,0,0,0.01
2236,1,0,0,0
2237,0.98,0,0.02,0
2238,0.02,0,0.98,0
2239,0.01,0,0.99,0
2240,0.95,0,0.01,0.04
2241,0.03,0.96,0.01,0
2242,1,0,0,0
2243,0.01,0,0.99,0
2244,0.45,0,0.55,0
2245,0.04,0,0,0.95
2246,0.99,0,0,0.01
2247,0.01,0,0.99,0
2248,0.99,0,0.01,0
2249,0.01,0,0.99,0
2250,0.05,0,0,0.95
2251,0.35,0.03,0,0.63
2252,0.36,0,0,0.64
2253,0.34,0,0.66,0
2254,0.99,0,0,0.01
2255,0.07,0.91,0,0.02
2256,0.99,0,0.01,0
2257,1,0,0,0
2258,0.05,0.91,0.04,0
2259,0.17,0.8,0,0.03
2260,0.97,0,0.01,0.02
2261,0.96,0,0.04,0.01
2262,0.5,0,0,0.5
2263,0.61,0,0.39,0
2264,0.46,0,0,0.54
2265,1,0,0,0
2266,0.99,0,0,0
2267,0.07,0.92,0,0.01
2268,0.05,0.92,0.03,0
2269,0.47,0,0.53,0
2270,0.03,0,0,0.97
2271,0.03,0,0.97,0
2272,0.74,0,0.26,0
2273,0.38,0.07,0,0.54
2274,0.83,0,0.17,0
2275,0.72,0,0.28,0
2276,0.31,0,0.69,0
2277,0.03,0,0,0.97
2278,0.78,0.04,0.01,0.17
2279,0.15,0,0,0.85
2280,1,0,0,0
2281,0.99,0,0.01,0
2282,0.03,0,0,0.97
2283,0.46,0,0,0.54
2284,0.88,0.03,0.03,0.07
2285,0.97,0,0.02,0.01
2286,1,0,0,0
2287,0.45,0,0,0.55
2288,0.99,0,0.01,0
2289,0.86,0,0.14,0
2290,0.2,0.75,0,0.05
2291,0.03,0,0,0.97
2292,0.44,0,0.56,0
2293,0.05,0,0,0.95
2294,0.46,0,0,0.54
2295,1,0,0,0
2296,0.11,0.88,0,0.01
2297,0.03,0,0,0.97
2298,1,0,0,0
2299,0.53,0,0.47,0
2300,0.12,0,0,0.88
2301,1,0,0,0
2302,0.7,0,0.3,0
2303,0.82,0.1,0.04,0.05
2304,0.99,0,0.01,0
2305,0.36,0,0,0.64
2306,0.88,0,0,0.12
2307,0.99,0,0.01,0
2308,0.2,0,0,0.8
2309,0.98,0,0.02,0
2310,0.68,0,0.32,0
2311,0.03,0,0,0.97
2312,0.07,0,0,0.93
2313,0.19,0,0,0.81
2314,0.53,0,0.47,0
2315,0.48,0,0.52,0
2316,0.03,0,0.97,0
2317,0.51,0,0,0.49
2318,0.96,0,0,0.04
2319,0.02,0.98,0,0
2320,1,0,0,0
2321,1,0,0,0
2322,0.64,0,0.36,0
2323,1,0,0,0
2324,0.08,0,0,0.92
2325,0.96,0,0.04,0
2326,1,0,0,0
2327,0.01,0,0.99,0
2328,0.97,0,0.01,0.02
2329,0.02,0,0.98,0
2330,1,0,0,0
2331,0.05,0.92,0.03,0
2332,0.01,0,0.99,0
2333,0.99,0,0.01,0
2334,0.08,0,0,0.92
2335,0.33,0,0.67,0
2336,1,0,0,0
2337,0.09,0,0,0.91
2338,0.72,0,0.28,0
2339,0.99,0,0.01,0
2340,0.14,0,0.86,0
2341,0.05,0,0,0.95
2342,0.31,0,0.69,0
2343,1,0,0,0
2344,1,0,0,0
2345,1,0,0,0
2346,0.12,0,0,0.88
2347,0.34,0,0.66,0
2348,0.01,0,0.99,0
2349,0.33,0,0,0.67
2350,0.08,0,0,0.92
2351,0.05,0.94,0.02,0
2352,0.29,0,0,0.71
2353,0.99,0,0.01,0
2354,0.03,0.95,0.01,0
2355,0.01,0,0.99,0
2356,0.24,0,0,0.76
2357,0.99,0,0.01,0
2358,0.22,0,0.78,0
2359,0.75,0,0.25,0
2360,0.99,0,0,0.01
2361,0.83,0.08,0.07,0.02
2362,0.03,0.97,0,0
2363,0.98,0,0.02,0
2364,1,0,0,0
2365,1,0,0,0
2366,0.05,0,0,0.95
2367,0.06,0,0,0.94
2368,0.44,0,0,0.56
2369,0.11,0,0,0.89
2370,0.28,0,0.72,0
2371,1,0,0,0
2372,1,0,0,0
2373,0.76,0,0.24,0
2374,0.02,0,0.98,0
2375,1,0,0,0
2376,0.92,0,0,0.08
2377,0.99,0,0,0.01
2378,0.02,0.98,0,0
2379,0.66,0,0.34,0
2380,0.18,0.02,0,0.8
2381,0.92,0,0,0.08
2382,0.98,0,0.01,0.01
2383,0.15,0,0.85,0
2384,0.99,0,0.01,0
2385,1,0,0,0
2386,0.03,0,0.97,0
2387,0.03,0,0.97,0
2388,1,0,0,0
2389,0.11,0,0,0.89
2390,0.08,0,0,0.92
2391,0.09,0,0,0.91
2392,0.57,0,0.43,0
2393,0.07,0.91,0,0.02
2394,0.97,0,0.01,0.02
2395,0.15,0,0,0.85
2396,0.12,0,0,0.88
2397,0.98,0,0.02,0
2398,0.16,0,0,0.84
2399,0.74,0,0.26,0
2400,1,0,0,0
2401,0.35,0.11,0,0.55
2402,0.11,0,0,0.89
2403,0.96,0,0,0.04
2404,0.25,0,0,0.75
2405,1,0,0,0
2406,0.79,0,0.21,0
2407,1,0,0,0
2408,0.97,0,0.01,0.02
2409,0.77,0,0.23,0
2410,0.22,0,0,0.78
2411,0.97,0,0.03,0
2412,0.64,0,0.36,0
2413,1,0,0,0
2414,0.99,0,0.01,0
2415,1,0,0,0
2416,1,0,0,0
2417,0.5,0,0.5,0
2418,0.15,0,0,0.85
2419,0.06,0,0,0.94
2420,1,0,0,0
2421,0.01,0,0.99,0
2422,1,0,0,0
2423,0.91,0,0.08,0.01
2424,0.05,0,0,0.95
2425,0.02,0.97,0,0
2426,0.15,0,0,0.85
2427,1,0,0,0
2428,1,0,0,0
2429,0.26,0,0,0.74
2430,0.36,0,0,0.64
2431,0.03,0,0,0.97
2432,1,0,0,0
2433,0.01,0,0.99,0
2434,1,0,0,0
2435,0.79,0.1,0.02,0.09
2436,0.1,0.83,0.07,0
2437,1,0,0,0
2438,0.99,0,0.01,0
2439,1,0,0,0
2440,0.04,0,0,0.96
2441,0.02,0,0.98,0
2442,0.04,0,0,0.96
2443,0.96,0,0,0.04
2444,0.83,0,0,0.17
2445,0.22,0,0,0.78
2446,1,0,0,0
2447,1,0,0,0
2448,0.29,0,0.71,0
2449,0.11,0,0,0.89
2450,0.15,0.72,0,0.13
2451,0.26,0.71,0.02,0.01
2452,0.42,0,0.58,0
2453,1,0,0,0
2454,1,0,0,0
2455,0.98,0,0.02,0
2456,1,0,0,0
2457,0.9,0,0.01,0.09
2458,0.62,0,0.38,0
2459,0.03,0,0,0.97
2460,0.02,0.98,0,0
2461,1,0,0,0
2462,0.05,0.95,0,0
2463,0.99,0,0.01,0
2464,0.04,0,0,0.96
2465,1,0,0,0
2466,1,0,0,0
2467,1,0,0,0
2468,0.99,0,0,0.01
2469,0.59,0,0.41,0
2470,1,0,0,0
2471,0.98,0,0.02,0
2472,1,0,0,0
2473,1,0,0,0
2474,0.86,0.03,0.09,0.01
2475,0.98,0,0.02,0
2476,0.72,0,0.28,0
2477,1,0,0,0
2478,0.87,0,0.13,0
2479,1,0,0,0
2480,0.99,0,0,0.01
2481,0.91,0,0.09,0
2482,0.92,0,0.08,0
2483,0.02,0,0.98,0
2484,0.86,0.03,0.1,0.01
2485,0.01,0,0.99,0
2486,1,0,0,0
2487,0.18,0.79,0.01,0.02
2488,0.84,0.04,0.11,0.01
2489,1,0,0,0
2490,0.31,0,0.69,0
2491,1,0,0,0
2492,0.19,0,0,0.81
2493,0.97,0,0.03,0
2494,0.29,0,0.71,0
2495,0.97,0,0.01,0.02
2496,0.02,0.98,0,0
2497,1,0,0,0
2498,1,0,0,0
2499,1,0,0,0
2500,1,0,0,0
2501,1,0,0,0
2502,1,0,0,0
2503,0.99,0,0,0.01
2504,0.09,0,0,0.91
2505,1,0,0,0
2506,0.79,0,0,0.21
2507,0.79,0.11,0.09,0.01
2508,0.94,0,0.04,0.02
2509,1,0,0,0
2510,0.99,0,0.01,0
2511,0.16,0,0,0.84
2512,0.2,0,0.8,0
2513,0.05,0,0,0.95
2514,1,0,0,0
2515,1,0,0,0
2516,0.98,0,0.02,0
2517,1,0,0,0
2518,1,0,0,0
2519,0.06,0.88,0.05,0
2520,0.77,0,0.23,0
2521,1,0,0,0
2522,1,0,0,0
2523,0.66,0.25,0.02,0.07
2524,0.33,0,0.67,0
2525,1,0,0,0
2526,0.02,0,0.98,0
2527,0.5,0,0,0.5
2528,0.28,0,0,0.72
2529,0.7,0,0.3,0
2530,1,0,0,0
2531,0.17,0,0,0.83
2532,0.99,0,0.01,0
2533,0.03,0,0,0.97
2534,0.03,0,0.97,0
2535,0.75,0,0,0.25
2536,1,0,0,0
2537,0.03,0,0.97,0
2538,0.01,0,0.99,0
2539,0.17,0,0,0.83
2540,0.23,0,0,0.77
2541,1,0,0,0
2542,1,0,0,0
2543,0.24,0,0,0.76
2544,0.91,0,0.01,0.08
2545,1,0,0,0
2546,0.07,0,0,0.93
2547,0.95,0,0.01,0.04
2548,1,0,0,0
2549,1,0,0,0
2550,0.01,0,0.99,0
2551,0.04,0,0,0.96
2552,0.81,0,0.19,0
2553,0.55,0,0.45,0
2554,0.93,0,0,0.07
2555,1,0,0,0
2556,1,0,0,0
2557,0.79,0,0.21,0
2558,0.95,0,0.03,0.01
2559,0.4,0,0,0.6
2560,1,0,0,0
2561,1,0,0,0
2562,0.91,0,0.08,0
2563,1,0,0,0
2564,1,0,0,0
2565,0.03,0.96,0,0
2566,0.98,0,0.02,0
2567,0.04,0.94,0.02,0
2568,1,0,0,0
2569,0.02,0,0.98,0
2570,0.98,0,0.02,0
2571,1,0,0,0
2572,0.86,0,0.14,0
2573,0.99,0,0.01,0
2574,0.07,0,0,0.93
2575,0.04,0,0,0.96
2576,0.03,0,0.97,0
2577,0.28,0,0.72,0
2578,0.97,0,0,0.03
2579,0.99,0,0.01,0
2580,0.33,0,0.67,0
2581,0.06,0.89,0.05,0
2582,0.89,0,0,0.11
2583,1,0,0,0
2584,0.24,0,0.76,0
2585,0.96,0,0.01,0.03
2586,0.13,0,0,0.87
2587,0.85,0.06,0.04,0.05
2588,0.77,0,0,0.23
2589,0.05,0,0,0.95
2590,1,0,0,0
2591,0.46,0,0.54,0
2592,0.08,0.86,0.06,0
2593,0.03,0,0,0.97
2594,0.8,0,0.2,0
2595,1,0,0,0
2596,0.13,0.76,0.11,0
2597,1,0,0,0
2598,0.31,0,0,0.69
2599,0.91,0,0.09,0
2600,0.06,0,0,0.94
2601,1,0,0,0
2602,1,0,0,0
2603,0.52,0,0,0.48
2604,0.97,0,0,0.03
2605,0.42,0,0.58,0
2606,0.01,0,0.99,0
2607,1,0,0,0
2608,0.97,0,0,0.02
2609,1,0,0,0
2610,0.99,0,0.01,0
2611,0.05,0,0,0.95
2612,0.78,0.09,0.02,0.12
2613,0.05,0.94,0.01,0
2614,0.98,0,0,0.02
2615,0.27,0,0,0.73
2616,0.99,0,0,0.01
2617,1,0,0,0
2618,0.97,0,0.03,0
2619,0.98,0,0,0.02
2620,0.2,0,0.8,0
2621,0.99,0,0.01,0
2622,1,0,0,0
2623,0.97,0,0,0.03
2624,0.21,0,0.79,0
2625,0.58,0,0.42,0
2626,0.62,0,0.38,0
2627,0.45,0,0,0.55
2628,0.94,0,0,0.06
2629,0.99,0,0.01,0
2630,0.16,0,0.84,0
2631,1,0,0,0
2632,0.07,0,0,0.93
2633,0.28,0,0.72,0
2634,0.97,0,0,0.03
2635,0.2,0,0.8,0
2636,0.99,0,0.01,0
2637,0.92,0,0.07,0.01
2638,0.22,0,0.78,0
2639,0.02,0,0.98,0
2640,0.14,0,0,0.86
2641,1,0,0,0
2642,1,0,0,0
2643,0.75,0,0.25,0
2644,0.99,0,0.01,0
2645,1,0,0,0
2646,0.83,0,0.17,0
2647,1,0,0,0
2648,1,0,0,0
2649,0.03,0,0.97,0
2650,0.31,0,0.69,0
2651,0.03,0,0,0.97
2652,1,0,0,0
2653,1,0,0,0
2654,0.03,0,0,0.97
2655,0.42,0,0,0.58
2656,1,0,0,0
2657,0.03,0,0,0.97
2658,0.1,0,0,0.9
2659,0.06,0,0,0.94
2660,0.02,0.98,0,0
2661,1,0,0,0
2662,0.99,0,0.01,0
2663,0.11,0.83,0,0.06
2664,0.04,0,0,0.96
2665,0.03,0,0,0.97
2666,0.56,0,0.44,0
2667,0.99,0,0,0.01
2668,1,0,0,0
2669,0.97,0,0.02,0.01
2670,0.71,0.2,0.03,0.06
2671,0.04,0,0,0.96
2672,0.74,0,0.26,0
2673,1,0,0,0
2674,0.65,0,0,0.35
2675,0.99,0,0.01,0
2676,0.84,0,0.16,0
2677,0.16,0,0,0.84
2678,1,0,0,0
2679,1,0,0,0
2680,1,0,0,0
2681,0.95,0,0,0.05
2682,0.99,0,0,0.01
2683,1,0,0,0
2684,1,0,0,0
2685,1,0,0,0
2686,0.99,0,0,0.01
2687,0.03,0,0.97,0
2688,0.23,0,0.77,0
2689,1,0,0,0
2690,1,0,0,0
2691,1,0,0,0
2692,1,0,0,0
2693,0.07,0,0,0.93
2694,0.21,0,0.79,0
2695,0.03,0,0,0.97
2696,0.01,0,0.99,0
2697,1,0,0,0
2698,0.97,0,0.03,0
2699,0.08,0,0,0.92
2700,0.05,0.93,0.01,0
2701,0.08,0.91,0,0.02
2702,1,0,0,0
2703,0.02,0,0.98,0
2704,1,0,0,0
2705,0.02,0,0.98,0
2706,0.12,0.86,0,0.02
2707,0.99,0,0.01,0
2708,0.03,0,0,0.97
2709,0.03,0.96,0.01,0
2710,0.04,0,0,0.96
2711,0.07,0,0,0.93
2712,0.41,0,0,0.59
2713,0.97,0,0.02,0.01
2714,0.82,0,0.18,0
2715,0.28,0,0.72,0
2716,0.02,0.97,0,0
2717,0.05,0,0,0.95
2718,1,0,0,0
2719,0.02,0,0.98,0
2720,0.88,0,0.12,0
2721,0.88,0,0.12,0
2722,0.01,0,0.99,0
2723,0.02,0,0.98,0
2724,0.64,0,0,0.36
2725,0.99,0,0,0.01
2726,0.99,0,0.01,0
2727,0.78,0,0.22,0
2728,0.37,0,0.63,0
2729,0.36,0,0.64,0
2730,0.99,0,0.01,0
2731,0.26,0,0,0.74
2732,0.23,0,0,0.77
2733,0.98,0,0.02,0
2734,0.85,0,0.15,0
2735,0.1,0,0,0.9
2736,0.14,0,0,0.86
2737,0.67,0.25,0.03,0.05
2738,1,0,0,0
2739,0.09,0,0,0.91
2740,0.74,0,0,0.26
2741,1,0,0,0
2742,1,0,0,0
2743,1,0,0,0
2744,0.99,0,0.01,0
2745,0.93,0,0,0.07
2746,1,0,0,0
2747,0.72,0,0.28,0
2748,0.27,0,0,0.73
2749,1,0,0,0
2750,0.02,0,0.98,0
2751,0.04,0,0,0.96
2752,0.46,0,0,0.54
2753,0.21,0.58,0,0.21
2754,0.92,0,0.07,0
2755,0.8,0,0.2,0
2756,0.13,0.86,0.01,0
2757,0.73,0,0.27,0
2758,0.02,0,0.98,0
2759,0.97,0,0.03,0
2760,0.03,0.97,0.01,0
2761,0.03,0,0.97,0
2762,0.63,0.3,0.03,0.05
2763,1,0,0,0
2764,0.07,0,0,0.93
2765,0.99,0,0.01,0
2766,0.92,0,0.01,0.07
2767,0.97,0,0.02,0.01
2768,0.99,0,0,0.01
2769,0.02,0.97,0,0
2770,1,0,0,0
2771,1,0,0,0
2772,0.08,0,0,0.92
2773,0.47,0,0,0.53
2774,0.22,0,0,0.78
2775,0.02,0.97,0,0
2776,0.01,0,0.99,0
2777,1,0,0,0
2778,1,0,0,0
2779,0.8,0,0,0.2
2780,0.35,0,0.65,0
2781,1,0,0,0
2782,1,0,0,0
2783,0.79,0,0.21,0
2784,0.15,0.73,0,0.12
2785,0.03,0,0,0.97
2786,0.99,0,0.01,0
2787,0.03,0,0,0.97
2788,0.5,0,0,0.5
2789,0.37,0,0.63,0
2790,1,0,0,0
2791,0.38,0,0.62,0
2792,1,0,0,0
2793,0.46,0,0,0.54
2794,0.03,0.96,0.01,0
2795,0.72,0,0.28,0
2796,0.21,0,0,0.79
2797,0.42,0,0,0.58
2798,0.98,0,0.02,0
2799,0.54,0,0.46,0
2800,0.16,0,0,0.84
2801,0.84,0,0,0.15
2802,1,0,0,0
2803,0.99,0,0.01,0
2804,1,0,0,0
2805,0.05,0.94,0,0
2806,0.33,0,0,0.67
2807,0.92,0,0.07,0.01
2808,1,0,0,0
2809,0.87,0,0,0.13
2810,1,0,0,0
2811,0.73,0,0.27,0
2812,0.99,0,0,0.01
2813,1,0,0,0
2814,0.99,0,0.01,0
2815,0.87,0,0.12,0
2816,0.55,0,0,0.45
2817,0.02,0.97,0,0
2818,0.99,0,0.01,0
2819,0.03,0,0,0.97
2820,0.97,0,0.02,0.02
2821,1,0,0,0
2822,0.75,0,0,0.25
2823,0.04,0,0,0.96
2824,0.99,0,0.01,0
2825,0.03,0.97,0.01,0
2826,1,0,0,0
2827,1,0,0,0
2828,0.01,0,0.99,0
2829,1,0,0,0
2830,1,0,0,0
2831,0.79,0.09,0.02,0.1
2832,0.88,0,0.12,0
2833,0.74,0,0,0.26
2834,0.98,0,0,0.02
2835,1,0,0,0
2836,0.19,0,0,0.81
2837,1,0,0,0
2838,0.72,0,0,0.28
2839,1,0,0,0
2840,0.87,0.02,0.1,0.01
2841,1,0,0,0
2842,0.06,0,0,0.94
2843,0.96,0,0.03,0
2844,0.62,0,0.38,0
2845,0.93,0,0,0.07
2846,0.08,0,0,0.92
2847,0.21,0,0,0.79
2848,0.52,0,0.48,0
2849,1,0,0,0
2850,1,0,0,0
2851,1,0,0,0
2852,0.99,0,0.01,0
2853,0.02,0,0.98,0
2854,1,0,0,0
2855,0.11,0,0,0.89
2856,1,0,0,0
2857,0.03,0.96,0,0
2858,0.02,0.97,0,0
2859,0.8,0.08,0.1,0.01
2860,0.26,0,0.74,0
2861,0.49,0,0,0.51
2862,0.98,0,0.01,0.01
2863,0.26,0,0,0.74
2864,0.9,0,0,0.1
2865,0.11,0,0,0.89
2866,1,0,0,0
2867,1,0,0,0
2868,1,0,0,0
2869,0.04,0,0,0.96
2870,0.6,0,0.4,0
2871,1,0,0,0
2872,0.04,0.94,0.01,0
2873,1,0,0,0
2874,1,0,0,0
2875,1,0,0,0
2876,0.24,0,0,0.76
2877,1,0,0,0
2878,0.45,0,0.55,0
2879,1,0,0,0
2880,0.42,0,0.58,0
2881,0.97,0,0,0.03
2882,0.31,0,0.69,0
2883,1,0,0,0
2884,0.13,0,0,0.87
2885,0.02,0.97,0,0
2886,0.22,0,0.78,0
2887,0.06,0,0,0.94
2888,0.18,0.03,0,0.79
2889,1,0,0,0
2890,0.27,0,0.73,0
2891,0.03,0,0,0.97
2892,0.58,0,0.42,0
2893,0.52,0,0.48,0
2894,0.97,0,0,0.03
2895,1,0,0,0
2896,0.09,0,0,0.91
2897,0.81,0,0,0.19
2898,0.96,0,0.01,0.03
2899,1,0,0,0
2900,0.98,0,0,0.02
2901,0.03,0.96,0.01,0
2902,0.76,0,0.24,0
2903,0.34,0,0,0.66
2904,0.84,0,0.01,0.15
2905,0.03,0,0,0.97
2906,0.53,0,0.47,0
2907,1,0,0,0
2908,0.97,0,0.03,0
2909,1,0,0,0
2910,0.99,0,0.01,0
2911,0.3,0,0,0.7
2912,0.21,0,0,0.79
2913,1,0,0,0
2914,0.09,0,0,0.91
2915,0.99,0,0,0
2916,0.64,0,0.36,0
2917,1,0,0,0
2918,1,0,0,0
2919,0.57,0,0.43,0
2920,1,0,0,0
2921,0.67,0.08,0.01,0.25
2922,0.98,0,0.01,0.01
2923,0.98,0,0.02,0
2924,0.06,0.9,0.04,0
2925,0.13,0.85,0.01,0.01
2926,1,0,0,0
2927,0.04,0,0,0.96
2928,0.24,0,0,0.76
2929,1,0,0,0
2930,1,0,0,0
2931,1,0,0,0
2932,0.03,0,0,0.97
2933,0.87,0,0.13,0
2934,0.99,0,0,0.01
2935,0.42,0,0.58,0
2936,0.02,0.97,0,0
2937,0.02,0,0.98,0
2938,0.02,0,0.98,0
2939,0.01,0,0.99,0
2940,0.3,0,0.7,0
2941,0.99,0,0.01,0
2942,1,0,0,0
2943,1,0,0,0
2944,0.07,0,0,0.93
2945,0.98,0,0,0.01
2946,0.26,0,0.74,0
2947,0.03,0.96,0.01,0
2948,0.99,0,0.01,0
2949,0.34,0,0.66,0
2950,0.97,0,0.02,0.01
2951,0.89,0,0,0.11
2952,0.03,0,0,0.97
2953,0.53,0,0,0.47
2954,0.34,0.1,0,0.56
2955,1,0,0,0
2956,0.99,0,0,0.01
2957,0.31,0,0.69,0
2958,1,0,0,0
2959,0.07,0,0,0.93
2960,0.98,0,0.01,0
2961,0.02,0.97,0,0
2962,0.03,0,0.97,0
2963,0.02,0,0.98,0
2964,1,0,0,0
2965,0.95,0,0.01,0.04
2966,0.3,0,0,0.7
2967,0.03,0,0,0.97
2968,0.03,0,0,0.97
2969,0.94,0,0,0.06
2970,1,0,0,0
2971,0.31,0,0.69,0
2972,0.83,0,0,0.16
2973,0.87,0.04,0.06,0.03
2974,0.13,0,0,0.87
2975,0.66,0,0.34,0
2976,0.99,0,0.01,0
2977,0.07,0,0,0.93
2978,0.01,0,0.99,0
2979,0.01,0,0.99,0
2980,0.99,0,0.01,0
2981,0.03,0,0,0.97
2982,0.03,0,0,0.97
2983,0.29,0,0,0.71
2984,0.04,0,0,0.96
2985,0.77,0.1,0.02,0.11
2986,0.99,0,0.01,0
2987,0.32,0,0.68,0
2988,0.05,0,0,0.95
2989,0.92,0,0.01,0.08
2990,1,0,0,0
2991,0.99,0,0.01,0
2992,0.29,0,0.71,0
2993,0.28,0,0,0.72
2994,1,0,0,0
2995,0.21,0,0,0.79
2996,0.02,0,0.98,0
2997,0.4,0,0,0.6
2998,0.23,0,0,0.77
2999,0.08,0,0,0.92
3000,0.94,0,0,0.06
3001,1,0,0,0
3002,0.54,0,0.46,0
3003,1,0,0,0
3004,1,0,0,0
3005,0.22,0,0,0.78
3006,0.03,0.96,0.01,0
3007,0.06,0,0,0.94
3008,1,0,0,0
3009,0.06,0,0,0.94
3010,0.06,0.93,0.02,0
3011,0.47,0,0,0.53
3012,0.19,0,0,0.81
3013,0.91,0,0,0.09
3014,1,0,0,0
3015,0.1,0.84,0.06,0
3016,0.99,0,0.01,0
3017,0.99,0,0.01,0
3018,0.03,0,0,0.97
3019,0.18,0,0,0.82
3020,1,0,0,0
3021,0.37,0,0,0.63
3022,0.05,0,0,0.95
3023,0.34,0.1,0,0.55
3024,0.56,0,0.44,0
3025,0.03,0,0.97,0
3026,1,0,0,0
3027,0.34,0,0.66,0
3028,1,0,0,0
3029,0.86,0.02,0.02,0.1
3030,1,0,0,0
3031,1,0,0,0
3032,0.2,0,0,0.8
3033,1,0,0,0
3034,0.03,0,0,0.97
3035,0.04,0,0,0.96
3036,0.99,0,0,0
3037,0.97,0,0,0.03
3038,0.62,0,0.38,0
3039,0.03,0.97,0,0
3040,0.13,0.77,0,0.1
3041,1,0,0,0
3042,0.14,0,0,0.86
3043,0.09,0,0,0.91
3044,1,0,0,0
3045,0.03,0.96,0.01,0
3046,0.98,0,0.02,0
3047,0.03,0,0,0.97
3048,0.99,0,0.01,0
3049,0.28,0,0.72,0
3050,0.23,0,0,0.77
3051,0.97,0,0.02,0
3052,1,0,0,0
3053,0.05,0,0,0.95
3054,1,0,0,0
3055,0.07,0,0,0.93
3056,0.04,0,0,0.96
3057,0.3,0,0,0.7
3058,0.97,0,0.01,0.02
3059,0.32,0,0.68,0
3060,0.74,0,0.26,0
3061,0.09,0.88,0,0.04
3062,1,0,0,0
3063,1,0,0,0
3064,0.16,0,0,0.84
3065,0.03,0,0,0.97
3066,0.23,0,0,0.77
3067,1,0,0,0
3068,0.07,0,0,0.93
3069,0.91,0,0,0.08
3070,1,0,0,0
3071,1,0,0,0
3072,0.06,0,0,0.94
3073,0.03,0,0,0.97
3074,0.35,0.09,0,0.56
3075,0.99,0,0,0
3076,1,0,0,0
3077,0.99,0,0.01,0
3078,0.07,0.88,0.05,0
3079,0.15,0,0,0.85
3080,0.1,0.86,0,0.05
3081,0.04,0,0,0.96
3082,0.95,0,0.05,0.01
3083,0.98,0,0.02,0
3084,0.99,0,0.01,0
3085,0.64,0.27,0.02,0.06
3086,0.71,0,0.29,0
3087,0.99,0,0.01,0
3088,1,0,0,0
3089,0.97,0,0.03,0
3090,0.19,0,0.81,0
3091,0.12,0,0,0.88
3092,0.47,0,0,0.53
3093,0.99,0,0,0.01
3094,1,0,0,0
3095,0.04,0,0,0.96
3096,1,0,0,0
3097,1,0,0,0
3098,0.25,0,0.75,0
3099,1,0,0,0
3100,1,0,0,0
3101,0.97,0,0.03,0
3102,0.1,0.84,0,0.05
3103,0.03,0,0.97,0
3104,0.99,0,0.01,0
3105,1,0,0,0
3106,0.8,0.1,0.07,0.02
3107,0.05,0,0,0.95
3108,0.99,0,0.01,0
3109,0.58,0,0,0.42
3110,0.04,0.94,0.02,0
3111,0.79,0.06,0.01,0.14
3112,0.03,0,0,0.97
3113,0.03,0,0,0.97
3114,0.31,0,0.69,0
3115,0.99,0,0.01,0
3116,0.01,0,0.99,0
3117,1,0,0,0
3118,0.05,0,0,0.95
3119,0.68,0.12,0.01,0.19
3120,0.98,0,0.01,0.01
3121,1,0,0,0
3122,1,0,0,0
3123,0.04,0.95,0.02,0
3124,0.99,0,0.01,0
3125,1,0,0,0
3126,0.61,0,0.39,0
3127,0.03,0,0.97,0
3128,0.5,0.43,0.02,0.04
3129,1,0,0,0
3130,0.98,0,0.02,0
3131,0.23,0,0,0.77
3132,0.06,0,0,0.94
3133,0.04,0,0,0.96
3134,0.05,0,0,0.95
3135,0.81,0,0.19,0
3136,0.04,0,0,0.96
3137,0.31,0,0,0.69
3138,0.05,0.92,0.02,0
3139,0.14,0,0,0.86
3140,0.99,0,0.01,0
3141,0.03,0.97,0,0
3142,0.93,0,0.02,0.06
3143,0.72,0,0,0.28
3144,0.98,0,0.02,0
3145,1,0,0,0
3146,0.04,0,0,0.96
3147,0.99,0,0.01,0
3148,0.03,0.96,0,0
3149,0.55,0,0,0.45
3150,0.34,0,0.66,0
3151,1,0,0,0
3152,1,0,0,0
3153,0.02,0,0.98,0
3154,0.12,0.87,0.01,0.01
3155,0.76,0,0.24,0
3156,1,0,0,0
3157,1,0,0,0
3158,0.09,0,0,0.91
3159,0.06,0.92,0,0.02
3160,1,0,0,0
3161,1,0,0,0
3162,0.06,0,0,0.94
3163,0.08,0.89,0.03,0
3164,1,0,0,0
3165,1,0,0,0
3166,0.03,0,0,0.97
3167,0.98,0,0.02,0
3168,0.66,0,0.34,0
3169,0.58,0,0.42,0
3170,0.99,0,0,0.01
3171,0.76,0.07,0.01,0.15
3172,1,0,0,0
3173,0.05,0,0,0.95
3174,0.83,0,0,0.16
3175,1,0,0,0
3176,0.35,0,0.65,0
3177,0.49,0,0.51,0
3178,1,0,0,0
3179,0.04,0,0,0.96
3180,1,0,0,0
3181,0.21,0,0,0.79
3182,1,0,0,0
3183,1,0,0,0
3184,0.96,0,0.03,0.01
3185,0.99,0,0,0.01
3186,0.09,0.88,0,0.04
3187,0.25,0,0,0.75
3188,0.36,0,0.64,0
3189,0.09,0,0,0.91
3190,0.04,0,0,0.96
3191,0.12,0.86,0.01,0.01
3192,0.1,0.84,0,0.05
3193,0.95,0,0.05,0
3194,0.99,0,0,0.01
3195,1,0,0,0
3196,0.47,0,0,0.53
3197,0.02,0,0.98,0
3198,0.99,0,0.01,0
3199,0.16,0.69,0,0.15
3200,0.76,0,0,0.24
3201,1,0,0,0
3202,0.86,0,0.01,0.13
3203,0.54,0,0.46,0
3204,0.03,0.96,0.01,0
3205,0.02,0.97,0,0
3206,0.02,0,0.98,0
3207,1,0,0,0
3208,0.46,0,0,0.54
3209,0.84,0,0,0.16
3210,0.04,0,0,0.96
3211,0.43,0,0,0.57
3212,1,0,0,0
3213,0.96,0,0.01,0.03
3214,0.04,0,0,0.96
3215,0.12,0,0,0.88
3216,0.18,0,0,0.81
3217,1,0,0,0
3218,0.06,0,0,0.94
3219,0.04,0,0,0.96
3220,0.19,0,0.81,0
3221,0.06,0.93,0.01,0
3222,0.99,0,0.01,0
3223,0.06,0.91,0.03,0
3224,1,0,0,0
3225,0.76,0.15,0.08,0.02
3226,0.99,0,0.01,0
3227,0.02,0,0.98,0
3228,0.36,0,0,0.64
3229,1,0,0,0
3230,0.04,0,0,0.96
3231,0.06,0,0,0.94
3232,0.64,0.26,0.02,0.07
3233,0.03,0,0,0.97
3234,0.16,0.69,0,0.15
3235,0.06,0,0,0.94
3236,0.1,0.87,0,0.02
3237,0.65,0,0.35,0
3238,0.03,0,0,0.97
3239,0.99,0,0.01,0
3240,0.03,0.97,0,0
3241,1,0,0,0
3242,1,0,0,0
3243,1,0,0,0
3244,0.1,0,0,0.9
3245,1,0,0,0
3246,0.08,0.87,0.05,0
3247,0.23,0,0,0.77
3248,0.06,0,0,0.94
3249,0.79,0,0,0.21
3250,0.02,0.98,0,0
3251,0.11,0,0,0.89
3252,0.99,0,0.01,0
3253,0.05,0.93,0,0.01
3254,1,0,0,0
3255,0.02,0.98,0,0
3256,0.96,0,0.03,0.01
3257,0.99,0,0.01,0
3258,0.03,0,0,0.97
3259,0.98,0,0.02,0
3260,0.05,0.94,0,0.01
3261,0.08,0.89,0.03,0
3262,0.7,0,0,0.3
3263,1,0,0,0
3264,1,0,0,0
3265,0.67,0,0.33,0
3266,0.04,0,0,0.96
3267,0.23,0,0.77,0
3268,0.82,0,0.18,0
3269,0.87,0,0,0.13
